Date,Time,Latitude,Longitude,Heading (degrees Magnetic),Chlorophyll (ug/L),ODO (mg/L),Salinity (PPT),Temperature (C)
20260901,120649,25.912701268333333,-80.13782114333333,117.25450291410748,,,,
20260901,120650,25.912702196666668,-80.137821675,117.25450291410841,1.0104712496770332,4.894356294312455,30.32256409612791,29.949212805184434
20260901,120651,25.912703449397398,-80.1378223924526,73.81614215982673,1.0208278061076692,4.88137187737924,30.323358009465625,29.949416560986116
20260901,120652,25.91270470365244,-80.13782198775455,101.45385934630457,1.02611173961379,4.862229886753974,30.322356607481645,29.94857448926035
20260901,120653,25.912705611706645,-80.13782219230323,118.61586437007371,1.0276968790714116,4.857781459646322,30.319085729694244,29.947935407566547
20260901,120654,25.912706541417275,-80.13782275622607,30.13305319066677,1.0356016356435431,4.841304704613069,30.322286485963836,29.947968863957463
20260901,120655,25.912708092729524,-80.13781978490388,13.187609318518973,1.0317482757710208,4.831823738832762,30.315555234458746,29.94660544085848
20260901,120656,25.912709240716712,-80.13781433807108,13.26963688126018,1.0202808108084354,4.818740984811185,30.308328468598457,29.944856935904888
20260901,120657,25.912710812739896,-80.13780692710463,13.409868910409456,0.9990414787386261,4.811362188256234,30.29740447012568,29.940956831789777
20260901,120658,25.91271273558531,-80.13779796055161,14.314937871023512,0.9775978651490858,4.799718089060541,30.2811624402657,29.93547032106076
20260901,120659,25.912715049325424,-80.13778787979284,15.473912674061651,0.947396559227314,4.803137216742062,30.261315252331126,29.931553160571507
20260901,120700,25.912717772348703,-80.13777694407321,15.92278847841193,0.9154065943725891,4.815681847892287,30.244729706747215,29.92585442877438
20260901,120701,25.912720954790267,-80.13776454202267,16.09008623551482,0.882850351280017,4.826074133921234,30.223029976688387,29.917768457298315
20260901,120702,25.91272398362857,-80.13775286788436,16.661092871475404,0.8572586653865268,4.836352678242651,30.20855869806601,29.913123773421635
20260901,120703,25.912727156073707,-80.13774108258815,16.719952973321313,0.8401945086384779,4.845424090564177,30.199184674162986,29.905185167860687
20260901,120704,25.912730350846832,-80.1377292585823,16.54168045049518,0.8272279872219126,4.861049263078169,30.19328596274526,29.90155348623919
20260901,120705,25.912733568400675,-80.13771721438098,17.26115712389782,0.8194254154253006,4.883814998098514,30.178907246349926,29.895931700598357
20260901,120706,25.912736527851497,-80.13770662537182,17.801657197488133,0.8159435301572966,4.897096289195301,30.17199340147712,29.89243845890778
20260901,120707,25.912739577018165,-80.13769606787181,17.801657197488353,0.8155501554129985,4.911776884971768,30.16587673197597,29.888982599269912
20260901,120708,25.912742250393087,-80.13768681152119,12.627705090811807,0.8158556385235001,4.935800836751327,30.153735930463668,29.88875980784272
20260901,120709,25.912744088813486,-80.1376776883399,354.6323500351762,0.8202429356040878,4.962221525620608,30.13405815363491,29.889668930481076
20260901,120710,25.912743450716977,-80.1376701379818,328.24413378208453,0.8224378122801669,4.983526126417708,30.1147305094291,29.888908591279815
20260901,120711,25.912740317464696,-80.13766451005559,304.26667684749646,0.8268857435928008,5.010218348765849,30.089957680778763,29.88669771834373
20260901,120712,25.912737058252674,-80.13766204135705,287.9555920563166,0.8318969573128222,5.022514740175944,30.069904189991462,29.887278432476947
20260901,120713,25.912734166777078,-80.13766099960374,282.12856534380757,0.8335227589039285,5.0305144550414225,30.059759924117927,29.886584157168922
20260901,120714,25.912730617339015,-80.13766015156075,286.5538916802019,0.8371383751175111,5.041202863090891,30.04769219836153,29.88461967213918
20260901,120715,25.91272500015016,-80.13765829530581,291.69438705004586,0.8443533837350812,5.059739605176168,30.021844027520196,29.88061344622984
20260901,120716,25.91271928906064,-80.13765576928061,293.57773935625346,0.8506157272092181,5.082510790967619,29.9919804805957,29.88082024925894
20260901,120717,25.912712371560687,-80.13765241286052,291.4115887653104,0.8628255856210262,5.119160592729227,29.954387984812293,29.879617948994568
20260901,120718,25.912703978715005,-80.13764875393016,291.31584788605596,0.877386158062085,5.160934411702054,29.912750960195766,29.879565301954628
20260901,120719,25.91269463257115,-80.13764469942124,291.0706254583453,0.8936340284370126,5.20725571573428,29.869065331067464,29.87770296004277
20260901,120720,25.91268964321959,-80.13764256226976,291.5916003164505,0.9022264202330039,5.22592047531453,29.847893850379688,29.87847435846204
20260901,120721,25.91268467155292,-80.13764037476976,291.5916003164508,0.9117115075029396,5.25377050861812,29.824910049733273,29.877702537876193
20260901,120722,25.91266319071098,-80.13763092334332,291.2806210384657,0.9438508809681019,5.311639815100376,29.768148602371753,29.879231650171686
20260901,120723,25.912654290518503,-80.13762706930365,292.5950051068177,0.9516730038827754,5.321249495472978,29.757371167703493,29.87776978848481
20260901,120724,25.9126461094222,-80.13762328413567,289.62201810615693,0.9558236718652418,5.318073286642841,29.757035665271037,29.876810833927323
20260901,120725,25.912637987931983,-80.13762006505459,275.55743120696985,0.9576817417777848,5.3139609363407425,29.75768221726272,29.879539269925093
20260901,120726,25.912630974328614,-80.13761930634861,251.6480869046503,0.9531123621984198,5.30547721760002,29.75820598687118,29.877489687044093
20260901,120727,25.91262588163034,-80.13762118454284,224.58803362905556,0.950394614887463,5.3039844110819185,29.741850387445115,29.87417234611349
20260901,120728,25.912623236900718,-80.1376241674702,205.35562951023022,0.9504133318479364,5.302020893925912,29.721572103134253,29.869895655620674
20260901,120729,25.912622114499,-80.1376268007081,197.65713539973774,0.9519246669169785,5.305700096608686,29.708915968636997,29.864779529964245
20260901,120730,25.912621307840347,-80.13762961809452,195.55885102057593,0.9539995117870612,5.3106942644797375,29.691422713383695,29.860383620402327
20260901,120731,25.91261994754859,-80.13763504972675,196.35839269990169,0.9546701706810383,5.311825636168475,29.668698462135538,29.85545811113247
20260901,120732,25.912618105192298,-80.1376420278931,194.15791529908498,0.9526809890636818,5.313335767366461,29.65490013850344,29.85232056376504
20260901,120733,25.912616061926524,-80.1376510331613,193.7814426428431,0.9506888679149824,5.312126896897042,29.644311012568668,29.84605168117521
20260901,120734,25.912613792784487,-80.13766131841817,193.90033076710205,0.9441815346040632,5.307069505161319,29.65158236888395,29.84405511831828
20260901,120735,25.91261256764749,-80.13766682216543,194.09172314315265,0.9384774007415985,5.30445146135328,29.670553253020863,29.847440843593375
20260901,120736,25.91261132598082,-80.1376723213321,194.09172314315248,0.9322836139061246,5.298187448007767,29.69468931442998,29.850064529538756
20260901,120737,25.912608740058364,-80.13768377401819,194.5691374128253,0.9239241653970508,5.292238247278746,29.75471054617927,29.85677038773151
20260901,120738,25.912606001254417,-80.13769548953827,194.0687283223219,0.9084561714721847,5.279454730542951,29.842761156930777,29.868016464000195
20260901,120739,25.912603311161654,-80.13770742386038,194.24622020285,0.8932512735250349,5.2700945177768785,29.938092839057663,29.88289248290668
20260901,120740,25.912600599978916,-80.13771929565506,194.56203550541323,0.8789135003003786,5.265020633674579,30.03169209809285,29.899356656513007
20260901,120741,25.912598175451187,-80.13772967210855,195.3850165145626,0.8723605728174996,5.266492591433377,30.10178133022153,29.910559058126513
20260901,120742,25.912595582229123,-80.13774014973932,199.74183642261397,0.8669036037308474,5.273555589694141,30.16464180905914,29.92275644959166
20260901,120743,25.912592698724623,-80.1377490826354,216.72789672072048,0.8625609344721099,5.277377392270893,30.210087796349786,29.9305023944609
20260901,120744,25.912588790977118,-80.13775490534503,243.83660295957998,0.8652085813906525,5.289961806560781,30.223433046982326,29.934515857581857
20260901,120745,25.912584736245922,-80.13775711994957,272.4914693527264,0.8670014523752384,5.299220632906451,30.2302217715046,29.93321232020231
20260901,120746,25.912581738859426,-80.13775697495045,288.7104214693102,0.8685721567217982,5.303450835222719,30.227629301262915,29.934085236541293
20260901,120747,25.912579351978305,-80.1377560761952,297.7608988895774,0.8709385411679792,5.307862789864778,30.22617865548925,29.932499742124985
20260901,120748,25.912576422588,-80.13775436191075,294.10850688242647,0.8705928083747154,5.311325632878592,30.220104251406003,29.93073575298487
20260901,120749,25.912571784346913,-80.13775205430265,295.36354545164625,0.8732363385753125,5.319498578885416,30.21051448884765,29.92810146193737
20260901,120750,25.91256559952752,-80.13774879464466,297.8224970183226,0.8769036441518715,5.326965347348909,30.197078422157585,29.922552139426003
20260901,120751,25.912558257363706,-80.13774448678369,298.9903289955795,0.8827614949732957,5.3311843452449565,30.17377070907705,29.91577741423969
20260901,120752,25.912549220727794,-80.13773892003344,299.1801254015988,0.8888890343555452,5.334267946561758,30.143359425841762,29.9074908848523
20260901,120753,25.912540361789052,-80.13773342002715,300.5663604197003,0.8902513622665824,5.330636258584989,30.121871525972036,29.901616122913605
20260901,120754,25.912531252486822,-80.13772743868066,300.2199115596039,0.8895619922408847,5.328990583099252,30.092546153177846,29.897294804202815
20260901,120755,25.912522085355434,-80.13772150219009,298.64976979485044,0.8844900485138496,5.325113157993419,30.070652701457824,29.895335796568972
20260901,120756,25.912512410469493,-80.13771562555422,299.3983695671601,0.8714016175562815,5.325505786568931,30.052347851160526,29.89587303021801
20260901,120757,25.912502687932445,-80.13770953526118,300.45364196274613,0.8553406464135237,5.321162775919585,30.040005305028913,29.89812184510544
20260901,120758,25.91249347157208,-80.13770351077615,299.91745354536954,0.8402282110784667,5.31949185774223,30.03389454002427,29.905800318087188
20260901,120759,25.912485401563345,-80.13769834800257,301.228268574536,0.8245827555712184,5.318548186720427,30.030388671329327,29.909629701361965
20260901,120800,25.912478044619565,-80.13769338895736,306.23042536779394,0.8120128536262476,5.316856007607555,30.029355594547884,29.916724133084458
20260901,120801,25.91247157350078,-80.1376881175753,325.5911014508163,0.8011240590093659,5.317100141738943,30.025820886918112,29.92024825906643
20260901,120802,25.912467989914358,-80.13768230083484,355.82516607365244,0.7969987902553578,5.3215048141505,30.023981714783996,29.925358327682165
20260901,120803,25.912467690721147,-80.13767774380901,16.322065652294505,0.7979948897566244,5.328017009195886,30.022142015530395,29.928066787028484
20260901,120804,25.912468602517738,-80.1376742821397,24.459234689342118,0.7988486556004386,5.333462401224997,30.017649369615164,29.93055077784548
20260901,120805,25.91246986467163,-80.13767119722263,20.951107042866543,0.8004325295192705,5.3361853775247825,30.017200345454533,29.93351786618711
20260901,120806,25.9124716247152,-80.13766608663738,13.251898905556512,0.8039031667604931,5.345241743772618,30.00864600251397,29.934044195156453
20260901,120807,25.912472970094278,-80.13765973533528,11.084195171734995,0.8006934746629051,5.35311232729648,29.996477481239072,29.9368705425957
20260901,120808,25.912474415891467,-80.13765153038284,11.375756893801523,0.8028618991663152,5.361816926134614,29.97875342284561,29.93809562078979
20260901,120809,25.91247615766533,-80.13764190561444,11.993439795309012,0.7997027206224326,5.371892574192334,29.959609291416136,29.938425010664144
20260901,120810,25.91247816953281,-80.13763137665859,11.619400111043872,0.7962753500419117,5.375078503260791,29.936121020670992,29.937956901701167
20260901,120811,25.91248022728695,-80.13762025071613,12.052457759966423,0.7964949830614183,5.376726890754253,29.907927669851286,29.93457446907772
20260901,120812,25.9124826647266,-80.13760755889166,11.58890138659232,0.79747570107472,5.363477035443609,29.890164025340347,29.926849643057526
20260901,120813,25.9124848514866,-80.13759570345081,11.480959724959538,0.7996226401817823,5.34969992843858,29.892979387579285,29.92041295637546
20260901,120814,25.912487050469903,-80.13758366655452,11.486340186032281,0.8025938050040998,5.33169269482206,29.903069643849502,29.913648711845006
20260901,120815,25.91248914835026,-80.1375721886061,11.720191747651695,0.8081161794767198,5.318952463114963,29.92150877717825,29.908050342554475
20260901,120816,25.91249099018789,-80.1375623181351,12.009652384664886,0.8157220157438245,5.303622733278374,29.94547526061408,29.909359136579628
20260901,120817,25.912492780618827,-80.13755296107732,6.227017908030297,0.8193686771844273,5.29166472986834,29.968257792690977,29.9095553237892
20260901,120818,25.91249365277237,-80.13754407445573,347.57526587973035,0.8239881369482893,5.28305505287199,29.990624561970545,29.910916846232407
20260901,120819,25.912492265388703,-80.13753707338093,324.80334533333837,0.8256858119995034,5.286935583534752,30.00417662054186,29.91334187754211
20260901,120820,25.912489407321033,-80.13753256839982,311.27479649635825,0.8251004529306813,5.2897715324443855,30.012027781561965,29.912474546532362
20260901,120821,25.912486180629895,-80.13752941963415,307.0109501964047,0.825624747396005,5.293290546854697,30.010216568188273,29.91511430238066
20260901,120822,25.912481334301656,-80.13752535785977,305.57000739228675,0.8268634161908947,5.299529588217118,30.009132617374643,29.913872455531806
20260901,120823,25.912475170617295,-80.13752045729372,305.05134163287084,0.8255101526901854,5.307684002095172,30.001471134109227,29.909246118764095
20260901,120824,25.91246756510995,-80.13751452532492,303.94989370307826,0.8272410560208436,5.315388683876964,29.98775750960156,29.908517277736767
20260901,120825,25.912459093878283,-80.13750818472528,303.8449172143205,0.8289759281119212,5.326491540599041,29.96748024766853,29.90325511394652
20260901,120826,25.91245016773514,-80.13750153002158,303.66399011202776,0.82927354168429,5.3351435033193315,29.941470468353373,29.89735143420186
20260901,120827,25.912440911566776,-80.13749467628335,303.25440953400135,0.8318199408021915,5.342602926126691,29.913689514027933,29.898219989693622
20260901,120828,25.912431485035434,-80.13748780403793,304.25937285106346,0.8331033651547654,5.352433106482482,29.880054300748764,29.895263885927715
20260901,120829,25.91242228300246,-80.13748083584372,305.35950092847946,0.834233979543736,5.359158374271525,29.845139023367583,29.89326315578303
20260901,120830,25.912413222032402,-80.13747368752337,306.0163393794271,0.835371061969725,5.368297467275803,29.81529068483344,29.89558622390473
20260901,120831,25.912405402780948,-80.13746736773518,306.8570911654813,0.8384490018906369,5.3745703067309805,29.783905328541987,29.894929512246286
20260901,120832,25.91239790795335,-80.13746112123808,307.29500508192933,0.8446503159732642,5.379751082931652,29.7674954865335,29.894892967643557
20260901,120833,25.912391589071984,-80.13745577046981,301.9008976679857,0.8479568151896942,5.384232894394288,29.749640645966736,29.894483960779077
20260901,120834,25.912384820340648,-80.13745108622668,284.47068537168946,0.852768992552055,5.390011065977196,29.73804051954324,29.896965498863157
20260901,120835,25.912378377542584,-80.13744923767776,260.36352438619247,0.858904957651764,5.394335341044483,29.730551472694092,29.89509960055307
20260901,120836,25.91237304749719,-80.13745024383215,234.17200488358185,0.8606431885768256,5.39631872089309,29.72683904330686,29.89472804231817
20260901,120837,25.91236967208496,-80.13745295314592,210.45253726706142,0.865211075679232,5.3942559411595825,29.73163973984051,29.896420327638527
20260901,120838,25.91236817371435,-80.13745578655765,194.06228397985984,0.8618824699122298,5.394259377010269,29.737564523416825,29.89436946333309
20260901,120839,25.912367560657458,-80.13745850761993,185.95272967433576,0.8600858460623472,5.391036986391702,29.741525863925997,29.897544367485747
20260901,120840,25.91236719192089,-80.13746243924416,190.50638477623852,0.8565147918404206,5.390993167703428,29.751418489818196,29.897265494706957
20260901,120841,25.91236618573243,-80.13746847120173,192.96849356844194,0.8526424026764354,5.386041611680109,29.76861719177915,29.901451252878243
20260901,120842,25.912364406179588,-80.13747706239425,191.73899345155192,0.8489552160844689,5.384319845342007,29.79673021295482,29.906747032938146
20260901,120843,25.912362654477878,-80.13748643436033,192.180909155841,0.8441679315748315,5.382136740150053,29.826059566804847,29.909903575585155
20260901,120844,25.912360663740948,-80.13749668756869,192.51824437425546,0.8386562047629613,5.38343934257837,29.859927949063728,29.916772211896827
20260901,120845,25.91235849758718,-80.13750753422616,193.32515586017232,0.8293757386229028,5.3844047332141045,29.89517616513028,29.923000649653734
20260901,120846,25.912356106654432,-80.13751875707766,193.7743559019097,0.8237576104827218,5.389621762277893,29.91835181578826,29.93125918556441
20260901,120847,25.91235357626887,-80.13753023259815,194.08697927957172,0.8174133168972217,5.391440920110621,29.936387524194227,29.938129287336213
20260901,120848,25.912350909209692,-80.13754204877011,194.23765551696619,0.811302477062963,5.395400982018987,29.935613479753997,29.943123505587195
20260901,120849,25.91234816262771,-80.13755408311356,194.19399817757125,0.8109693324169763,5.39237637849842,29.924728573257298,29.942105913312417
20260901,120850,25.912345713983665,-80.13756484641685,193.6207779738755,0.813292688799226,5.391084317395919,29.909298115598197,29.940531771685603
20260901,120851,25.912343640640906,-80.13757435940128,195.2559740235236,0.8222882226287606,5.382415331974818,29.89292699632669,29.93590650658284
20260901,120852,25.9123414241024,-80.13758339458629,206.99283993926957,0.8316099477091723,5.373892798978899,29.87883615738179,29.931396013026703
20260901,120853,25.912337921708897,-80.13759103908686,233.27560996916705,0.8393959803411649,5.361693580230774,29.869733069009687,29.92516480968892
20260901,120854,25.912333871993546,-80.13759439802618,263.6631313378286,0.8469913590266112,5.358893485527119,29.86618992063349,29.92330637650112
20260901,120855,25.912330583997377,-80.13759480397859,289.592571624286,0.8504152974212603,5.356970529572466,29.864282086681712,29.92677677934926
20260901,120856,25.912328246825865,-80.13759387910856,300.4637201649789,0.8505071946964661,5.359953044291356,29.868823220075395,29.928101648740732
20260901,120857,25.912326337185576,-80.13759263032587,302.5892521616677,0.8491706691919125,5.358790062231248,29.874541791910342,29.926625986973274
20260901,120858,25.912322665467087,-80.1375900207831,294.03523444116814,0.8502339070537577,5.3607902494217665,29.879362853578638,29.9293969631607
20260901,120859,25.912317610925594,-80.13758751467876,292.94100658886475,0.8512146622174152,5.363668773392789,29.88735840664891,29.932913906210732
20260901,120900,25.912310935547097,-80.1375843734526,294.6148451272377,0.8510414964408922,5.368132759809031,29.907437969235986,29.93979846096582
20260901,120901,25.912302960669656,-80.13758031138805,294.42931470035523,0.8529824094802496,5.372277162056045,29.929504141913224,29.948494080835403
20260901,120902,25.91229418020654,-80.13757587718088,294.93387774969676,0.8518620872286103,5.380348214929944,29.96091368149513,29.9581844425837
20260901,120903,25.912283905367286,-80.13757056645778,294.7715270644677,0.849466271798997,5.387760915648001,29.997286414023364,29.968415837501865
20260901,120904,25.91227414621965,-80.13756555961824,294.41906273475774,0.8491606896076391,5.3925855859453895,30.03292990751262,29.97576431814741
20260901,120905,25.91226423459316,-80.13756055654247,294.67196547328905,0.8515866615397012,5.398589495267543,30.059142490536125,29.9821186686716
20260901,120906,25.91225436720977,-80.13755551727725,295.1817237849942,0.8529020599559333,5.40525922421187,30.08164102093203,29.98415572615941
20260901,120907,25.912244513933064,-80.1375503667008,295.9131647602883,0.8541015467216755,5.409914731478759,30.089581375871212,29.984122006753058
20260901,120908,25.912234743915874,-80.13754508929533,295.81260472595625,0.8540883636511724,5.415111579684087,30.091418192733695,29.984873121154894
20260901,120909,25.912225362598527,-80.13754004445873,295.5756903369786,0.8523135146101559,5.419999895221927,30.088184459921944,29.981801114831445
20260901,120910,25.91221732360116,-80.13753576697094,297.2708227204359,0.8538585508762391,5.422579144276375,30.08107407521302,29.98014649246662
20260901,120911,25.912210014002834,-80.1375315777545,303.00342691650167,0.8512357956266591,5.426781852230023,30.074591463854084,29.978463876120486
20260901,120912,25.91220350245505,-80.1375268758442,323.5470583321784,0.8505300855750363,5.43008026079208,30.06564965007923,29.975776668617083
20260901,120913,25.912199589434824,-80.13752098652259,353.28569811987956,0.8518245367810223,5.431644094366206,30.061215730351158,29.975775206769182
20260901,120914,25.91219905996461,-80.13751598635255,12.606014789012379,0.8533477365182659,5.431917719719537,30.056737587424614,29.973830100323628
20260901,120915,25.91219946188536,-80.13751398827098,17.975413287366234,0.8529388862366064,5.43378784931947,30.05512395271574,29.973544747326365
20260901,120916,25.912200030218695,-80.13751204077097,17.975413287365207,0.8536880747571743,5.430981321010975,30.057024152395893,29.973857653114486
20260901,120917,25.912201646103952,-80.13750650363924,13.727126511317218,0.8543962197258501,5.4299777003070835,30.055926709332226,29.97336295562216
20260901,120918,25.91220288860395,-80.13750084863925,13.727126511316925,0.8587695936219205,5.427076980180911,30.051892461261737,29.973038860576885
20260901,120919,25.912204786659153,-80.1374922100057,11.417166486051313,0.8606366936771159,5.423469280651204,30.045504437684325,29.972332971573074
20260901,120920,25.912206603341147,-80.13748220869327,11.916431268009532,0.8618519217838934,5.417375131008847,30.0298361665066,29.969599984690387
20260901,120921,25.912208667374564,-80.13747133484966,12.176068835341962,0.8678720683786546,5.4100716770606585,30.011482008657307,29.9637296045667
20260901,120922,25.912210876287478,-80.1374599532731,12.89205881322855,0.8707144488659149,5.407824049819802,29.979564024364773,29.95744843417203
20260901,120923,25.91221329089181,-80.13744822470282,11.4679038542368,0.8762457676360692,5.4024207466462455,29.941837126207325,29.950627091691025
20260901,120924,25.912215701365326,-80.13743501471049,11.031964010605911,0.876643423961345,5.39813667929974,29.904114266755204,29.94219274954704
20260901,120925,25.912217822898572,-80.13742291648427,10.988792817230495,0.8846057348355819,5.396534609600518,29.86894957909584,29.931120640346613
20260901,120926,25.912219927257077,-80.13741086787013,11.82167071913632,0.8909725663898701,5.397524957368182,29.84738224976526,29.921201386934346
20260901,120927,25.91222221450439,-80.13739871865964,11.766200651084883,0.8973313603564581,5.399032268150939,29.834093466889378,29.913773339044372
20260901,120928,25.91222451852052,-80.13738642101569,11.486546610426716,0.9040466269932091,5.3979252640045825,29.835721942229398,29.908122236319137
20260901,120929,25.91222675300882,-80.13737419588195,12.089082854631409,0.910224184304637,5.404235559950824,29.85822986540615,29.903567202886926
20260901,120930,25.912229130150333,-80.13736185666296,12.60337179562916,0.9154153436793423,5.404015587070305,29.893562043912052,29.904854785950203
20260901,120931,25.912231427533374,-80.13735043313451,13.334639895271962,0.9176328085906363,5.4049209900240776,29.934534196253317,29.90940515155167
20260901,120932,25.91223352868627,-80.13734057776124,12.928944860862883,0.9188892266802986,5.40498552714647,29.971680882460777,29.916152316705436
20260901,120933,25.912235485437872,-80.13733110119558,5.599454398669163,0.918460692202929,5.404048504872671,30.00525400416494,29.921949324400007
20260901,120934,25.91223633342337,-80.1373214851726,344.30035707820826,0.916405797339303,5.402646589294498,30.037888514844667,29.929508176106996
20260901,120935,25.912234649557444,-80.13731482489214,320.23953913936816,0.9145881618619809,5.401585910752994,30.060692100295583,29.93105572667612
20260901,120936,25.91223155805714,-80.13731069382955,308.4272840132229,0.9112806285191353,5.39930132434559,30.070678790353412,29.93414499851417
20260901,120937,25.912228316446615,-80.1373078345921,304.66607086006684,0.9088191785543037,5.397308594802043,30.076964552630937,29.937940690041867
20260901,120938,25.912224771253843,-80.13730510885622,305.01954832618316,0.9089855008878749,5.395991265299895,30.082640073268465,29.938691116702113
20260901,120939,25.912219884410888,-80.1373013018256,305.43861867181374,0.9044835824772216,5.394560797466988,30.093103831558174,29.943960982558533
20260901,120940,25.912213363095425,-80.13729614200521,305.41369973196504,0.9010306939815441,5.390913158437235,30.103003316119302,29.945801068030065
20260901,120941,25.912205577596108,-80.13728998760182,305.26333578541715,0.8944679426423694,5.389639492028311,30.119200405713972,29.95225624113456
20260901,120942,25.91219709760466,-80.13728332138632,305.21544760432766,0.8900244293939745,5.385672316183522,30.13255611441755,29.956331254502132
20260901,120943,25.91218822323408,-80.13727635750683,304.98032655745726,0.8877798489306079,5.383923212320171,30.149263511679628,29.963665876721162
20260901,120944,25.912178355116666,-80.13726868107241,305.9623287210327,0.8888995330696283,5.380390841121767,30.166702174566254,29.968018809718057
20260901,120945,25.912169263485904,-80.13726134745745,305.9040692663277,0.8915844343513775,5.378273790501776,30.180936009919762,29.97248862847299
20260901,120946,25.912160023908633,-80.13725391043556,306.28414574729624,0.8952482659021083,5.375954540768172,30.194593115645613,29.977734324668436
20260901,120947,25.912150847491304,-80.13724642060282,306.9430912631235,0.8992717696660841,5.372219012380286,30.20591595329285,29.9808927882058
20260901,120948,25.91214281654594,-80.13723970632645,308.19882607581087,0.9057935247769027,5.368066374780737,30.21459382860029,29.983005564311078
20260901,120949,25.912135947251347,-80.13723369678105,308.314863781229,0.9088969745867351,5.362194257967834,30.21241306432879,29.982686333626702
20260901,120950,25.912129776046505,-80.13722827541883,307.63854886228916,0.9138876066625258,5.360321442200533,30.20614937062614,29.986360487888508
20260901,120951,25.912123546784112,-80.13722293462229,298.75068484512343,0.9182203351586491,5.353453333061306,30.19944672730584,29.987300919847684
20260901,120952,25.912117094937987,-80.13721899927681,277.0558361318491,0.9211392492702951,5.347925114363641,30.19075468621903,29.986838735029313
20260901,120953,25.912111414748875,-80.13721821763508,249.85331510700743,0.9250717467361418,5.347307938035576,30.194619590098238,29.985540649381257
20260901,120954,25.91210683957597,-80.13722008374934,220.52592146141404,0.9253593215692912,5.34455322549482,30.201290151433067,29.987537334832126
20260901,120955,25.912104878433542,-80.13722263426668,204.15438639525593,0.9277542632603433,5.348615514331972,30.211401673074914,29.98829963699151
20260901,120956,25.912103897234864,-80.13722506673898,199.15164928711366,0.9279732883205544,5.34752588962572,30.217830045379966,29.987593181427346
20260901,120957,25.91210298714524,-80.13722798018267,195.86456694825327,0.9279395137130141,5.349830625636455,30.226498031637163,29.987007018702865
20260901,120958,25.9121018179215,-80.13723255428872,195.89859044916872,0.9254257820634991,5.352848220023072,30.239726666637303,29.99006334414
20260901,120959,25.912100061709953,-80.13723940925954,193.80692702719762,0.9220369550494772,5.358289057390308,30.257582674313863,29.990024103548635
20260901,121000,25.912098194003097,-80.13724785870025,194.37777913821188,0.913961917730322,5.359132524540267,30.271273837086614,29.988654298661476
20260901,121001,25.91209599232331,-80.13725740749501,195.36947048472658,0.9024530122877824,5.367100597649584,30.28109082459962,29.991472208335665
20260901,121002,25.91209338418171,-80.13726795659538,195.11917701045007,0.8868239998956361,5.369163297923578,30.28011016103456,29.99016133984713
20260901,121003,25.912090659300873,-80.13727916930311,195.04412000525429,0.8654107884380489,5.373401161439333,30.27145691431858,29.992258984848146
20260901,121004,25.91208758179941,-80.13729189922617,195.1817658224335,0.8412689934448238,5.3768507941736,30.254753992111166,29.992427075359316
20260901,121005,25.91208474299725,-80.13730353023898,195.9381887539444,0.8165323507459357,5.3790696040247115,30.23366272199794,29.99396316563095
20260901,121006,25.912081715921364,-80.13731531481831,196.3237340766917,0.7948168731650267,5.376958963048581,30.21081697163204,29.993355771841532
20260901,121007,25.91207858114862,-80.13732721481361,196.99523486052198,0.7837470669205873,5.381025673799618,30.19697797094115,29.997010747361557
20260901,121008,25.912075323153164,-80.13733906585533,196.71954203301436,0.7766879507354523,5.380249132979283,30.181761650406354,29.99931473795855
20260901,121009,25.91207210056953,-80.13735099309964,197.09777291111973,0.7807727825406614,5.38468544656759,30.17908724437865,30.00296238112337
20260901,121010,25.91206881022897,-80.137362885616,197.49810458198715,0.7902013113056571,5.38764439580373,30.183875577596393,30.003197881809825
20260901,121011,25.912065588935434,-80.13737424550207,197.41610377926986,0.8046538937076394,5.391501939090402,30.193069189366348,30.006222657292817
20260901,121012,25.912062836289817,-80.13738400137028,197.6492722609978,0.8191578859769917,5.3975054751942935,30.19889097666701,30.004527324880065
20260901,121013,25.912060230464267,-80.13739310696273,202.49480789564294,0.8348469473808418,5.403062123885289,30.20677242176044,30.003500090082497
20260901,121014,25.912056707252844,-80.13740256588363,220.42764909963284,0.8476496504226709,5.410726467451813,30.210396825091966,30.002100393870922
20260901,121015,25.912052557136434,-80.13740798199981,248.9262596921921,0.8577830660311451,5.416516298283144,30.214989027057484,30.000571210743036
20260901,121016,25.912048161931487,-80.13740986495813,273.10151712242964,0.8667487544052144,5.416750261292973,30.21577215346355,29.998619764538997
20260901,121017,25.91204462948411,-80.13740965216009,284.6040376246678,0.8745233841349664,5.4179462763902055,30.217232159386594,29.999760481234876
20260901,121018,25.912041527895113,-80.1374087536959,289.4803786669681,0.8789653635451641,5.4183250619688,30.21743148115095,29.998203190662515
20260901,121019,25.91203706994317,-80.13740700051348,287.0146497790928,0.8865460291730637,5.416001361091463,30.215952434332987,29.998601416411677
20260901,121020,25.91203038470894,-80.13740472610463,287.66274730622797,0.9011194751691672,5.413219735213637,30.21807898483328,29.999124812059616
20260901,121021,25.91202231332506,-80.13740186870953,289.5304013765291,0.9161080624686898,5.410335287404219,30.21871149605686,29.99976724907818
20260901,121022,25.912013180384655,-80.13739826701341,289.69960855982816,0.9309893903575645,5.405142406922685,30.21572567462341,29.99885409557145
20260901,121023,25.912003483768896,-80.1373944071439,290.21490230090706,0.947359314636648,5.402172040620855,30.21117921586576,29.996982895217705
20260901,121024,25.911992312059873,-80.13738983365928,290.58368714865844,0.9641108619864562,5.39850118363612,30.204307885957448,29.999348698643395
20260901,121025,25.91198192064564,-80.13738549496802,291.11183983221065,0.9693699107203769,5.391372885450116,30.195841232442476,29.99688452480812
20260901,121026,25.91197134809655,-80.13738095658265,291.3799249767069,0.97667012076253,5.385962761417084,30.190706220348464,29.999119157797395
20260901,121027,25.911960798796006,-80.13737636500457,291.60035864678605,0.9754725119656238,5.384656705384476,30.18380421723995,29.99955781192014
20260901,121028,25.911950374550507,-80.13737177635727,291.45056937348954,0.9702047700029838,5.377871837376728,30.178616521405353,29.99881615734542
20260901,121029,25.911940111078238,-80.13736729295259,291.6176824536928,0.962920460785577,5.3738941877479895,30.181496365219584,30.000682400259834
20260901,121030,25.911931219513438,-80.13736337551792,292.9330906774775,0.9551148616894086,5.370694967358096,30.18201357639027,29.999185896362025
20260901,121031,25.911923369962736,-80.13735968318433,295.7270509849834,0.9466637466534762,5.368858637188963,30.182133184393273,30.000277657275195
20260901,121032,25.911915883455794,-80.13735567261365,308.3561505251148,0.9364026485703658,5.367341227744551,30.180446276413015,30.001101101047645
20260901,121033,25.91191022813526,-80.13735069708868,334.248487767648,0.930039836961079,5.363839907889722,30.185123258167227,29.998943729027815
20260901,121034,25.911907658083695,-80.13734477366665,3.6346467705037613,0.9227605217009994,5.365186283913437,30.188389090580706,30.000140917151825
20260901,121035,25.91190790791427,-80.13734040107644,19.955553992769993,0.917659189056899,5.365373580796635,30.192622627475153,29.999669678155144
20260901,121036,25.91190903165709,-80.13733696022328,25.098808651544218,0.9104858076069833,5.366620390106939,30.18982905168015,29.9976886773146
20260901,121037,25.911910828007272,-80.13733269657111,22.174083161886642,0.903293636731229,5.369398086780854,30.191727415243996,29.998400486799856
20260901,121038,25.911913074149837,-80.1373265694502,18.66893406528746,0.8968684217912806,5.375512602288998,30.18996572480051,29.99880340211212
20260901,121039,25.911915595327198,-80.13731827360763,18.4808320153651,0.8796508086564383,5.377541429197806,30.19126524565965,29.994551342134823
20260901,121040,25.91191851948052,-80.13730854660098,18.836014317816776,0.8582367261543059,5.383828021655414,30.19314225127782,29.99449477254188
20260901,121041,25.9119217444466,-80.13729803613512,19.575241675938422,0.8353362135237593,5.38925797277215,30.188414211520023,29.989819952304924
20260901,121042,25.911925273124307,-80.13728700374536,18.613760931882457,0.813301418678491,5.395383642282185,30.18651750602174,29.990437184405355
20260901,121043,25.911928723576118,-80.13727561400408,19.414772056718036,0.7949128156647268,5.401574169999847,30.183457856421704,29.985059991929162
20260901,121044,25.911932805790034,-80.13726273685342,19.857879493878404,0.7784508467450711,5.40858718878552,30.17736270209592,29.983711757816245
20260901,121045,25.911936653032345,-80.13725089386419,20.663660926173844,0.7720957005382159,5.412110440094987,30.16844602540494,29.981346200495427
20260901,121046,25.911940643356026,-80.13723913089585,20.486014808117105,0.775832271257481,5.41405694478616,30.15180265061506,29.981182272108374
20260901,121047,25.911944600856025,-80.13722735422918,20.486014808116657,0.787029326661763,5.409026759212508,30.135274003764813,29.978326033910196
20260901,121048,25.911948541327583,-80.1372156282355,21.164013155525947,0.8044336844037691,5.402845762760617,30.110629511377283,29.97650520158192
20260901,121049,25.91195260317381,-80.13720396395875,21.28140319092272,0.8244005922754047,5.391000086836207,30.084796017235266,29.973767996189142
20260901,121050,25.91195666503814,-80.13719237023743,20.686289942161363,0.8479823399638362,5.377817228516069,30.05694447242209,29.97000101557124
20260901,121051,25.911960668042624,-80.13718058398813,21.08493081310595,0.8713970887613997,5.360912442980724,30.029064674734578,29.967758949440157
20260901,121052,25.91196477798831,-80.13716873302864,21.40808069430079,0.8875948500942676,5.346788895620492,30.000494571735015,29.966687917375193
20260901,121053,25.91196887871463,-80.13715710447019,21.221624537468568,0.9045088558400681,5.333016050175529,29.979983216082225,29.961846047716364
20260901,121054,25.91197277896011,-80.13714593761982,21.81086291759771,0.9141404631277941,5.324461608228564,29.965709831667294,29.961306225316246
20260901,121055,25.911976082235356,-80.13713676078564,18.867006803175677,0.9197316906114968,5.3194343232505235,29.956975567664596,29.961175130628238
20260901,121056,25.911978569146214,-80.13712867003564,353.06060665719326,0.9205570578572069,5.3178325003780245,29.9523832750012,29.960423575247386
20260901,121057,25.911977639979547,-80.13712018253564,353.06060665719366,0.9185068839499559,5.3178235583076985,29.952117226767246,29.960022692781305
20260901,121058,25.91197729815352,-80.13711706011583,314.6572738190413,0.9190731132079627,5.320199325420786,29.954510394818133,29.95940985173497
20260901,121059,25.91197528565352,-80.1371148492825,314.6572738190427,0.9179761452919185,5.318722052500969,29.955513489144803,29.957885461530445
20260901,121100,25.911972298235217,-80.13711156745195,296.9112147812186,0.917752041785539,5.322499057518167,29.95798508093943,29.957519709446633
20260901,121101,25.91196943108917,-80.1371099494986,289.8131507183582,0.9159433179454609,5.324093865631131,29.9585983893051,29.95908375978397
20260901,121102,25.911966091845134,-80.13710861196118,288.79972457310384,0.9175295680891736,5.32528719800817,29.960055919614113,29.957589619127994
20260901,121103,25.911960788887704,-80.13710660493909,293.2990070591168,0.9147211230358786,5.32628825773015,29.96289621280211,29.955307806977
20260901,121104,25.911954361605858,-80.13710352767231,294.19260304002444,0.9129956769407319,5.326688789832989,29.972850457292,29.953199172249345
20260901,121105,25.91194684990307,-80.13709977574348,294.36243530968704,0.9113434881345012,5.32749045805519,29.980413872627793,29.95057805474355
20260901,121106,25.911937500290524,-80.13709506874014,295.8485396591775,0.9085356849066345,5.330494728866009,29.99779151012925,29.949374304966128
20260901,121107,25.91192826031781,-80.13709009195945,296.31361124612096,0.9055513905765636,5.3329717578941676,30.016932992150775,29.948277622426396
20260901,121108,25.91191862600761,-80.13708479500802,297.13523493868604,0.9025040562588177,5.331529469157823,30.03789267206546,29.946399357664546
20260901,121109,25.911908747497932,-80.13707916637469,296.9859562345538,0.8973223233933791,5.33484305294368,30.059061809336065,29.945602938074238
20260901,121110,25.911898698344917,-80.13707347721646,297.5128962169675,0.8938857192938204,5.3356415424922625,30.080169869228058,29.946418973811348
20260901,121111,25.911888651457264,-80.13706765936367,298.21867508649444,0.8884332969586429,5.33671831455478,30.09609289197064,29.946317699649967
20260901,121112,25.911878747437676,-80.13706175068742,298.51216019048707,0.881115403285772,5.342498157934061,30.117297187042265,29.946332354836308
20260901,121113,25.91187022031725,-80.13705660074413,299.3316163276764,0.8767137844783994,5.344271506390011,30.125031291735993,29.950297887563682
20260901,121114,25.91186249587874,-80.1370517752527,296.66029552875375,0.8716209397989086,5.348494654675319,30.13226443090237,29.952445812824905
20260901,121115,25.911854698266794,-80.13704742263917,282.65387644810505,0.8657997593176122,5.353035405156947,30.138993416535783,29.95260947662705
20260901,121116,25.911846922142683,-80.13704548165283,257.52932578069806,0.8627467328839247,5.357347593928795,30.144589392676608,29.95595290135261
20260901,121117,25.911841462300476,-80.1370468241028,229.20612413616266,0.8623289724466789,5.359381570964269,30.144212034418,29.95643876391456
20260901,121118,25.911838333905518,-80.13704982563763,211.86763397745918,0.8624463162413023,5.3616807096638714,30.142654128119148,29.953362032414255
20260901,121119,25.91183669812218,-80.13705275105305,201.30726193640638,0.8609310020847757,5.362190428558618,30.139393020711097,29.955403259482726
20260901,121120,25.91183557228885,-80.13705596021971,201.3072619364084,0.8619143060765627,5.362323439463191,30.138001495725113,29.95615682574188
20260901,121121,25.91183377781645,-80.13706107532943,203.89033470545257,0.8641083340569162,5.362588021739822,30.132910294512847,29.954487022731893
20260901,121122,25.911831093471797,-80.1370678130345,204.29108108622106,0.8605436939219884,5.367329089029557,30.127937783610975,29.955947617858737
20260901,121123,25.911827727186843,-80.13707610528901,203.3119043216667,0.8598796103143064,5.371823117683325,30.119847274813285,29.95446137099022
20260901,121124,25.91182406874334,-80.13708554418622,204.66793291588863,0.8581717533063397,5.379981202170607,30.106647169787937,29.953788820090224
20260901,121125,25.911819902685856,-80.13709562910465,205.8565802706251,0.8546832976111638,5.38855437085888,30.094239069654506,29.955038880238273
20260901,121126,25.911814819008328,-80.13710729120102,206.24679977031477,0.8513802757710951,5.399848427769109,30.07935429001867,29.955297470471084
20260901,121127,25.911810013266262,-80.13711812703845,205.71457207635723,0.8477435402342479,5.40809835326187,30.066240278050678,29.958671652474035
20260901,121128,25.91180519678256,-80.13712924632267,206.0790031647145,0.8441975792763443,5.413444799891313,30.054135190559492,29.95530910179871
20260901,121129,25.91180030708888,-80.13714035334203,205.99476370482614,0.8449253968910264,5.412969885076367,30.04161678186567,29.95479325849304
20260901,121130,25.911795414669562,-80.13715150805807,206.21910348878555,0.8434137302749621,5.409894732964914,30.02858867247887,29.949883530743655
20260901,121131,25.91179044173596,-80.1371627345523,206.86624591370935,0.8469355272620819,5.404868411030523,30.015900772758453,29.94558850658041
20260901,121132,25.91178536184481,-80.13717388301592,207.01933910046685,0.8494698509848202,5.3947722943145155,30.006134497163654,29.94307393953744
20260901,121133,25.911780251481332,-80.13718502440888,206.8649027767229,0.849403903403772,5.384360309785612,29.992888507410917,29.938067809845748
20260901,121134,25.911775197238136,-80.13719611722985,206.8596780306693,0.852523175585071,5.377790838199003,29.979908368359638,29.932409399342784
20260901,121135,25.911770123583675,-80.13720725517314,207.0581872003651,0.8539824433324719,5.36975710666325,29.963628720758425,29.93152179517077
20260901,121136,25.911764493027263,-80.1372195101297,207.0119888428945,0.853144339984329,5.367900231656023,29.945601132653017,29.92886023921095
20260901,121137,25.91175949945373,-80.1372304003541,206.89366062523547,0.8511908788106137,5.369007231525834,29.927434239906404,29.926028649334583
20260901,121138,25.91175523242393,-80.13723975378639,207.17530311620322,0.8509720810010781,5.3704042028936625,29.91543166253712,29.92573730870545
20260901,121139,25.911751295115657,-80.13724828030541,211.14138385392974,0.8479203429700899,5.373531845392525,29.90498920029343,29.927045459223958
20260901,121140,25.911746955510196,-80.13725626517945,226.97946245479037,0.8496317473012713,5.375435193328976,29.89199465006395,29.92622521596929
20260901,121141,25.911742208916838,-80.13726118972171,253.7621277196581,0.8476706251725105,5.379332195343321,29.878121450931044,29.926099837110847
20260901,121142,25.911737669996004,-80.13726265940971,274.437593961549,0.844734748489535,5.382459269118415,29.866172404822084,29.924986211830895
20260901,121143,25.911734056290243,-80.13726234761899,284.12401879218464,0.8434363266131761,5.388073562387941,29.856917674918623,29.922221865759223
20260901,121144,25.911730687117043,-80.13726140508119,286.46883664224265,0.8391673314084938,5.390515999435296,29.846110726563154,29.921989251794148
20260901,121145,25.91172564511675,-80.13725974795554,282.9002096034465,0.8372157995667732,5.3947134528764975,29.83382039771376,29.919540175826686
20260901,121146,25.91171776941775,-80.13725774253365,283.2357626408898,0.8333402619437651,5.40529278811698,29.816887560460827,29.91609657720609
20260901,121147,25.911709034707915,-80.13725545844126,284.12779967090523,0.8261840753664623,5.420374428165572,29.8013005265218,29.91284621812227
20260901,121148,25.911699428580643,-80.13725277034474,284.0754275490309,0.8220100149183822,5.432032849954333,29.78679467135043,29.90729206582984
20260901,121149,25.911689139942457,-80.13724990237569,284.4114328492055,0.8136841721765296,5.442020469859597,29.79085873019643,29.908254249105234
20260901,121150,25.91167878666151,-80.13724694453538,284.15685023215735,0.8080449680623439,5.455725257080999,29.799705110817474,29.90755013261041
20260901,121151,25.91166977139277,-80.13724441637511,284.57744066818395,0.8035398424818906,5.464385569743175,29.809480160755918,29.91112986543023
20260901,121152,25.911661855020903,-80.13724212753338,295.6277097485921,0.7987720190150309,5.4720608711370975,29.825490580035556,29.912408824548347
20260901,121153,25.911654480020903,-80.13723819420004,295.6277097485921,0.7961523547930717,5.480950895621075,29.841673062714825,29.917045114363205
20260901,121154,25.911648692900176,-80.13723510773565,332.9729149789479,0.7923399458702084,5.4835130861142165,29.858256697391564,29.918354073141067
20260901,121155,25.911646582838646,-80.13723050900727,1.7894335186644341,0.7902959009191014,5.488498749693489,29.86170195139013,29.92179533460918
20260901,121156,25.91164669605614,-80.13722648002611,20.3918670025423,0.7890981571449731,5.489722592654858,29.864736812397922,29.921470570540823
20260901,121157,25.911647611410398,-80.13722374241647,28.91022041043153,0.7866629318186764,5.490231897868833,29.861963789500546,29.922694955186458
20260901,121158,25.911649413586026,-80.13722011441462,22.58468260049475,0.7884576656629145,5.492214419490575,29.857609489936824,29.920647603204273
20260901,121159,25.91165179463637,-80.13721375016364,18.543072599254536,0.785753449805627,5.494130245384668,29.85831334169346,29.921492851749935
20260901,121200,25.91165385768603,-80.13720691227886,18.903200092268506,0.7848058661696888,5.497423019797328,29.85942480582448,29.924081889510386
20260901,121201,25.911656346326318,-80.13719883258548,21.150227318243996,0.786934089036104,5.498029707067219,29.8627891094271,29.925983353703874
20260901,121202,25.911659613115436,-80.13718944474111,20.663905187132382,0.786972008330862,5.500554681698498,29.874530759572767,29.9286847005434
20260901,121203,25.911663126076668,-80.13717908911046,20.328245349330388,0.7899453280462216,5.500591084778204,29.886241924623775,29.935441101452877
20260901,121204,25.911666812710937,-80.13716802565428,20.722378816334857,0.795312738208417,5.4995048542392135,29.901506322639033,29.938095909703243
20260901,121205,25.911670703411918,-80.13715659186325,20.90428951544717,0.8002548666934436,5.501570586444668,29.917005838093,29.94403645843408
20260901,121206,25.911675113711844,-80.13714375440568,20.95242931002964,0.8056644158476189,5.502842063714908,29.937866917814723,29.952563331800054
20260901,121207,25.911679192311166,-80.13713191231867,21.292062828739653,0.8086660300322658,5.50344511390463,29.957288927903118,29.95735634108102
20260901,121208,25.911683346752664,-80.13712006087569,22.121579270995237,0.8123920782071017,5.501743347889786,29.97614422787529,29.96092646937381
20260901,121209,25.9116876558054,-80.13710827557479,21.560280102673005,0.8158323921400686,5.500339726352573,29.997724502253618,29.96744243399381
20260901,121210,25.911691850725553,-80.13709647226993,21.641685633485192,0.8155328520281055,5.500645331147018,30.01862000055934,29.97094318964298
20260901,121211,25.911696077743013,-80.13708462791935,22.016754399965315,0.8163747864575123,5.496504786231719,30.036660118917332,29.97414644739549
20260901,121212,25.911700352232298,-80.1370728755609,22.46287719586293,0.8197841442515473,5.489045021070702,30.05678632242501,29.97605915727047
20260901,121213,25.91170468178526,-80.13706123346918,22.128315097417705,0.8199911853098423,5.478766129735927,30.07605495369969,29.976876323168963
20260901,121214,25.911708943286442,-80.13704958214889,21.819749346262324,0.8226751521223694,5.470387997242448,30.092455637319077,29.97705423184912
20260901,121215,25.91171314713949,-80.13703790866714,21.862393051820685,0.824941737044553,5.458471780332739,30.107259476266268,29.976562155285958
20260901,121216,25.91171779318502,-80.1370250350578,21.717097370076253,0.8272698130756044,5.446150581143509,30.119517489925816,29.975863806480554
20260901,121217,25.911721477848918,-80.13701474992376,22.33987850268034,0.8321725365718943,5.435634831270099,30.12425399539488,29.974472940673966
20260901,121218,25.911724823311857,-80.1370056990544,25.27788929283733,0.8336020879450321,5.430656449264006,30.129569628069437,29.97588588775471
20260901,121219,25.91172847759292,-80.13699709569381,37.151778272570596,0.8357725986341107,5.422235077514427,30.133178226977307,29.974697161771505
20260901,121220,25.911732802277733,-80.13699075021948,37.151778272570596,0.8382702686924534,5.416594044202936,30.131957735298045,29.972549261857957
20260901,121221,25.911732802277733,-80.13699075021948,37.151778272570596,0.8382702686924534,5.416594044202936,30.131957735298045,29.972549261857957
20260901,121222,25.911732802277733,-80.13699075021948,37.151778272570596,0.8382702686924534,5.416594044202936,30.131957735298045,29.972549261857957
20260901,121223,25.911732802277733,-80.13699075021948,37.151778272570596,0.8382702686924534,5.416594044202936,30.131957735298045,29.972549261857957
20260901,121224,25.911732802277733,-80.13699075021948,37.151778272570596,0.8382702686924534,5.416594044202936,30.131957735298045,29.972549261857957
20260901,121225,25.911732802277733,-80.13699075021948,37.151778272570596,0.8382702686924534,5.416594044202936,30.131957735298045,29.972549261857957
20260901,121226,25.911732802277733,-80.13699075021948,37.151778272570596,0.8382702686924534,5.416594044202936,30.131957735298045,29.972549261857957
20260901,121227,25.911732802277733,-80.13699075021948,37.151778272570596,0.8382702686924534,5.416594044202936,30.131957735298045,29.972549261857957
20260901,121228,25.911732802277733,-80.13699075021948,217.1517782725706,0.8382702686924534,5.416594044202936,30.131957735298045,29.972549261857957
20260901,121229,25.91172847759292,-80.13699709569381,205.27788929283733,0.8357725986341107,5.422235077514427,30.133178226977307,29.974697161771505
20260901,121230,25.911724823311857,-80.1370056990544,202.33987850268034,0.8336020879450321,5.430656449264006,30.129569628069437,29.97588588775471
20260901,121231,25.911721477848918,-80.13701474992376,201.71709737007623,0.8321725365718943,5.435634831270099,30.12425399539488,29.974472940673966
20260901,121232,25.91171779318502,-80.1370250350578,201.86239305182067,0.8272698130756044,5.446150581143509,30.119517489925816,29.975863806480554
20260901,121233,25.91171314713949,-80.13703790866714,201.8197493462623,0.824941737044553,5.458471780332739,30.107259476266268,29.976562155285958
20260901,121234,25.911708943286442,-80.13704958214889,202.1283150974177,0.8226751521223694,5.470387997242448,30.092455637319077,29.97705423184912
20260901,121235,25.91170468178526,-80.13706123346918,202.46287719586292,0.8199911853098423,5.478766129735927,30.07605495369969,29.976876323168963
20260901,121236,25.911700352232298,-80.1370728755609,202.0167543999653,0.8197841442515473,5.489045021070702,30.05678632242501,29.97605915727047
20260901,121237,25.911696077743013,-80.13708462791935,201.6416856334852,0.8163747864575123,5.496504786231719,30.036660118917332,29.97414644739549
20260901,121238,25.911691850725553,-80.13709647226993,201.560280102673,0.8155328520281055,5.500645331147018,30.01862000055934,29.97094318964298
20260901,121239,25.9116876558054,-80.13710827557479,202.12157927099523,0.8158323921400686,5.500339726352573,29.997724502253618,29.96744243399381
20260901,121240,25.911683346752664,-80.13712006087569,201.29206282873963,0.8123920782071017,5.501743347889786,29.97614422787529,29.96092646937381
20260901,121241,25.911679192311166,-80.13713191231867,200.95242931002963,0.8086660300322658,5.50344511390463,29.957288927903118,29.95735634108102
20260901,121242,25.911675113711844,-80.13714375440568,200.90428951544718,0.8056644158476189,5.502842063714908,29.937866917814723,29.952563331800054
20260901,121243,25.911670703411918,-80.13715659186325,200.72237881633484,0.8002548666934436,5.501570586444668,29.917005838093,29.94403645843408
20260901,121244,25.911666812710937,-80.13716802565428,200.3282453493304,0.795312738208417,5.4995048542392135,29.901506322639033,29.938095909703243
20260901,121245,25.911663126076668,-80.13717908911046,200.66390518713237,0.7899453280462216,5.500591084778204,29.886241924623775,29.935441101452877
20260901,121246,25.911659613115436,-80.13718944474111,201.150227318244,0.786972008330862,5.500554681698498,29.874530759572767,29.9286847005434
20260901,121247,25.911656346326318,-80.13719883258548,198.9032000922685,0.786934089036104,5.498029707067219,29.8627891094271,29.925983353703874
20260901,121248,25.91165385768603,-80.13720691227886,198.54307259925451,0.7848058661696888,5.497423019797328,29.85942480582448,29.924081889510386
20260901,121249,25.91165179463637,-80.13721375016364,202.58468260049474,0.785753449805627,5.494130245384668,29.85831334169346,29.921492851749935
20260901,121250,25.911649413586026,-80.13722011441462,208.91022041043152,0.7884576656629145,5.492214419490575,29.857609489936824,29.920647603204273
20260901,121251,25.911647611410398,-80.13722374241647,200.39186700254228,0.7866629318186764,5.490231897868833,29.861963789500546,29.922694955186458
20260901,121252,25.91164669605614,-80.13722648002611,181.78943351866445,0.7890981571449731,5.489722592654858,29.864736812397922,29.921470570540823
20260901,121253,25.911646582838646,-80.13723050900727,152.9729149789479,0.7902959009191014,5.488498749693489,29.86170195139013,29.92179533460918
20260901,121254,25.911648692900176,-80.13723510773565,115.6277097485921,0.7923399458702084,5.4835130861142165,29.858256697391564,29.918354073141067
20260901,121255,25.911654480020903,-80.13723819420004,115.62770974859212,0.7961523547930717,5.480950895621075,29.841673062714825,29.917045114363205
20260901,121256,25.911661855020903,-80.13724212753338,104.57744066818395,0.7987720190150309,5.4720608711370975,29.825490580035556,29.912408824548347
20260901,121257,25.91166977139277,-80.13724441637511,104.15685023215734,0.8035398424818906,5.464385569743175,29.809480160755918,29.91112986543023
20260901,121258,25.91167878666151,-80.13724694453538,104.4114328492055,0.8080449680623439,5.455725257080999,29.799705110817474,29.90755013261041
20260901,121259,25.911689139942457,-80.13724990237569,104.07542754903088,0.8136841721765296,5.442020469859597,29.79085873019643,29.908254249105234
20260901,121300,25.911699428580643,-80.13725277034474,104.12779967090526,0.8220100149183822,5.432032849954333,29.78679467135043,29.90729206582984
20260901,121301,25.911709034707915,-80.13725545844126,103.23576264088977,0.8261840753664623,5.420374428165572,29.8013005265218,29.91284621812227
20260901,121302,25.91171776941775,-80.13725774253365,102.90020960344653,0.8333402619437651,5.40529278811698,29.816887560460827,29.91609657720609
20260901,121303,25.91172564511675,-80.13725974795554,106.46883664224266,0.8372157995667732,5.3947134528764975,29.83382039771376,29.919540175826686
20260901,121304,25.911730687117043,-80.13726140508119,104.12401879218466,0.8391673314084938,5.390515999435296,29.846110726563154,29.921989251794148
20260901,121305,25.911734056290243,-80.13726234761899,94.43759396154901,0.8434363266131761,5.388073562387941,29.856917674918623,29.922221865759223
20260901,121306,25.911737669996004,-80.13726265940971,73.76212771965814,0.844734748489535,5.382459269118415,29.866172404822084,29.924986211830895
20260901,121307,25.911742208916838,-80.13726118972171,46.97946245479038,0.8476706251725105,5.379332195343321,29.878121450931044,29.926099837110847
20260901,121308,25.911746955510196,-80.13725626517945,31.14138385392976,0.8496317473012713,5.375435193328976,29.89199465006395,29.92622521596929
20260901,121309,25.911751295115657,-80.13724828030541,27.175303116203253,0.8479203429700899,5.373531845392525,29.90498920029343,29.927045459223958
20260901,121310,25.91175523242393,-80.13723975378639,26.893660625235476,0.8509720810010781,5.3704042028936625,29.91543166253712,29.92573730870545
20260901,121311,25.91175949945373,-80.1372304003541,27.011988842894535,0.8511908788106137,5.369007231525834,29.927434239906404,29.926028649334583
20260901,121312,25.911764493027263,-80.1372195101297,27.05818720036512,0.853144339984329,5.367900231656023,29.945601132653017,29.92886023921095
20260901,121313,25.911770123583675,-80.13720725517314,26.859678030669315,0.8539824433324719,5.36975710666325,29.963628720758425,29.93152179517077
20260901,121314,25.911775197238136,-80.13719611722985,26.864902776722893,0.852523175585071,5.377790838199003,29.979908368359638,29.932409399342784
20260901,121315,25.911780251481332,-80.13718502440888,27.019339100466873,0.849403903403772,5.384360309785612,29.992888507410917,29.938067809845748
20260901,121316,25.91178536184481,-80.13717388301592,26.866245913709335,0.8494698509848202,5.3947722943145155,30.006134497163654,29.94307393953744
20260901,121317,25.91179044173596,-80.1371627345523,26.219103488785553,0.8469355272620819,5.404868411030523,30.015900772758453,29.94558850658041
20260901,121318,25.911795414669562,-80.13715150805807,25.99476370482615,0.8434137302749621,5.409894732964914,30.02858867247887,29.949883530743655
20260901,121319,25.91180030708888,-80.13714035334203,26.079003164714493,0.8449253968910264,5.412969885076367,30.04161678186567,29.95479325849304
20260901,121320,25.91180519678256,-80.13712924632267,25.714572076357232,0.8441975792763443,5.413444799891313,30.054135190559492,29.95530910179871
20260901,121321,25.911810013266262,-80.13711812703845,26.24679977031475,0.8477435402342479,5.40809835326187,30.066240278050678,29.958671652474035
20260901,121322,25.911814819008328,-80.13710729120102,25.856580270625123,0.8513802757710951,5.399848427769109,30.07935429001867,29.955297470471084
20260901,121323,25.911819902685856,-80.13709562910465,24.667932915888642,0.8546832976111638,5.38855437085888,30.094239069654506,29.955038880238273
20260901,121324,25.91182406874334,-80.13708554418622,23.31190432166669,0.8581717533063397,5.379981202170607,30.106647169787937,29.953788820090224
20260901,121325,25.911827727186843,-80.13707610528901,24.29108108622108,0.8598796103143064,5.371823117683325,30.119847274813285,29.95446137099022
20260901,121326,25.911831093471797,-80.1370678130345,23.89033470545257,0.8605436939219884,5.367329089029557,30.127937783610975,29.955947617858737
20260901,121327,25.91183377781645,-80.13706107532943,21.307261936408423,0.8641083340569162,5.362588021739822,30.132910294512847,29.954487022731893
20260901,121328,25.91183557228885,-80.13705596021971,21.30726193640639,0.8619143060765627,5.362323439463191,30.138001495725113,29.95615682574188
20260901,121329,25.91183669812218,-80.13705275105305,31.86763397745921,0.8609310020847757,5.362190428558618,30.139393020711097,29.955403259482726
20260901,121330,25.911838333905518,-80.13704982563763,49.20612413616266,0.8624463162413023,5.3616807096638714,30.142654128119148,29.953362032414255
20260901,121331,25.911841462300476,-80.1370468241028,77.52932578069807,0.8623289724466789,5.359381570964269,30.144212034418,29.95643876391456
20260901,121332,25.911846922142683,-80.13704548165283,102.65387644810508,0.8627467328839247,5.357347593928795,30.144589392676608,29.95595290135261
20260901,121333,25.911854698266794,-80.13704742263917,116.66029552875378,0.8657997593176122,5.353035405156947,30.138993416535783,29.95260947662705
20260901,121334,25.91186249587874,-80.1370517752527,119.33161632767637,0.8716209397989086,5.348494654675319,30.13226443090237,29.952445812824905
20260901,121335,25.91187022031725,-80.13705660074413,118.51216019048708,0.8767137844783994,5.344271506390011,30.125031291735993,29.950297887563682
20260901,121336,25.911878747437676,-80.13706175068742,118.21867508649444,0.881115403285772,5.342498157934061,30.117297187042265,29.946332354836308
20260901,121337,25.911888651457264,-80.13706765936367,117.51289621696749,0.8884332969586429,5.33671831455478,30.09609289197064,29.946317699649967
20260901,121338,25.911898698344917,-80.13707347721646,116.98595623455381,0.8938857192938204,5.3356415424922625,30.080169869228058,29.946418973811348
20260901,121339,25.911908747497932,-80.13707916637469,117.13523493868608,0.8973223233933791,5.33484305294368,30.059061809336065,29.945602938074238
20260901,121340,25.91191862600761,-80.13708479500802,116.31361124612098,0.9025040562588177,5.331529469157823,30.03789267206546,29.946399357664546
20260901,121341,25.91192826031781,-80.13709009195945,115.8485396591775,0.9055513905765636,5.3329717578941676,30.016932992150775,29.948277622426396
20260901,121342,25.911937500290524,-80.13709506874014,114.36243530968704,0.9085356849066345,5.330494728866009,29.99779151012925,29.949374304966128
20260901,121343,25.91194684990307,-80.13709977574348,114.19260304002445,0.9113434881345012,5.32749045805519,29.980413872627793,29.95057805474355
20260901,121344,25.911954361605858,-80.13710352767231,113.29900705911676,0.9129956769407319,5.326688789832989,29.972850457292,29.953199172249345
20260901,121345,25.911960788887704,-80.13710660493909,108.79972457310389,0.9147211230358786,5.32628825773015,29.96289621280211,29.955307806977
20260901,121346,25.911966091845134,-80.13710861196118,109.81315071835817,0.9175295680891736,5.32528719800817,29.960055919614113,29.957589619127994
20260901,121347,25.91196943108917,-80.1371099494986,116.91121478121858,0.9159433179454609,5.324093865631131,29.9585983893051,29.95908375978397
20260901,121348,25.911972298235217,-80.13711156745195,134.65727381904273,0.917752041785539,5.322499057518167,29.95798508093943,29.957519709446633
20260901,121349,25.91197528565352,-80.1371148492825,134.65727381904128,0.9179761452919185,5.318722052500969,29.955513489144803,29.957885461530445
20260901,121350,25.91197729815352,-80.13711706011583,173.06060665719366,0.9190731132079627,5.320199325420786,29.954510394818133,29.95940985173497
20260901,121351,25.911977639979547,-80.13712018253564,173.06060665719326,0.9185068839499559,5.3178235583076985,29.952117226767246,29.960022692781305
20260901,121352,25.911978569146214,-80.13712867003564,198.86700680317566,0.9205570578572069,5.3178325003780245,29.9523832750012,29.960423575247386
20260901,121353,25.911976082235356,-80.13713676078564,201.8108629175977,0.9197316906114968,5.3194343232505235,29.956975567664596,29.961175130628238
20260901,121354,25.91197277896011,-80.13714593761982,201.22162453746856,0.9141404631277941,5.324461608228564,29.965709831667294,29.961306225316246
20260901,121355,25.91196887871463,-80.13715710447019,201.40808069430076,0.9045088558400681,5.333016050175529,29.979983216082225,29.961846047716364
20260901,121356,25.91196477798831,-80.13716873302864,201.08493081310596,0.8875948500942676,5.346788895620492,30.000494571735015,29.966687917375193
20260901,121357,25.911960668042624,-80.13718058398813,200.68628994216135,0.8713970887613997,5.360912442980724,30.029064674734578,29.967758949440157
20260901,121358,25.91195666503814,-80.13719237023743,201.28140319092273,0.8479823399638362,5.377817228516069,30.05694447242209,29.97000101557124
20260901,121359,25.91195260317381,-80.13720396395875,201.16401315552594,0.8244005922754047,5.391000086836207,30.084796017235266,29.973767996189142
20260901,121400,25.911948541327583,-80.1372156282355,200.48601480811664,0.8044336844037691,5.402845762760617,30.110629511377283,29.97650520158192
20260901,121401,25.911944600856025,-80.13722735422918,200.4860148081171,0.787029326661763,5.409026759212508,30.135274003764813,29.978326033910196
20260901,121402,25.911940643356026,-80.13723913089585,200.66366092617383,0.775832271257481,5.41405694478616,30.15180265061506,29.981182272108374
20260901,121403,25.911936653032345,-80.13725089386419,199.85787949387841,0.7720957005382159,5.412110440094987,30.16844602540494,29.981346200495427
20260901,121404,25.911932805790034,-80.13726273685342,199.41477205671802,0.7784508467450711,5.40858718878552,30.17736270209592,29.983711757816245
20260901,121405,25.911928723576118,-80.13727561400408,198.61376093188244,0.7949128156647268,5.401574169999847,30.183457856421704,29.985059991929162
20260901,121406,25.911925273124307,-80.13728700374536,199.57524167593843,0.813301418678491,5.395383642282185,30.18651750602174,29.990437184405355
20260901,121407,25.9119217444466,-80.13729803613512,198.83601431781676,0.8353362135237593,5.38925797277215,30.188414211520023,29.989819952304924
20260901,121408,25.91191851948052,-80.13730854660098,198.48083201536508,0.8582367261543059,5.383828021655414,30.19314225127782,29.99449477254188
20260901,121409,25.911915595327198,-80.13731827360763,198.66893406528743,0.8796508086564383,5.377541429197806,30.19126524565965,29.994551342134823
20260901,121410,25.911913074149837,-80.1373265694502,202.17408316188664,0.8968684217912806,5.375512602288998,30.18996572480051,29.99880340211212
20260901,121411,25.911910828007272,-80.13733269657111,205.09880865154423,0.903293636731229,5.369398086780854,30.191727415243996,29.998400486799856
20260901,121412,25.91190903165709,-80.13733696022328,199.95555399277,0.9104858076069833,5.366620390106939,30.18982905168015,29.9976886773146
20260901,121413,25.91190790791427,-80.13734040107644,183.63464677050376,0.917659189056899,5.365373580796635,30.192622627475153,29.999669678155144
20260901,121414,25.911907658083695,-80.13734477366665,154.248487767648,0.9227605217009994,5.365186283913437,30.188389090580706,30.000140917151825
20260901,121415,25.91191022813526,-80.13735069708868,128.3561505251148,0.930039836961079,5.363839907889722,30.185123258167227,29.998943729027815
20260901,121416,25.911915883455794,-80.13735567261365,115.72705098498342,0.9364026485703658,5.367341227744551,30.180446276413015,30.001101101047645
20260901,121417,25.911923369962736,-80.13735968318433,112.9330906774775,0.9466637466534762,5.368858637188963,30.182133184393273,30.000277657275195
20260901,121418,25.911931219513438,-80.13736337551792,111.6176824536928,0.9551148616894086,5.370694967358096,30.18201357639027,29.999185896362025
20260901,121419,25.911940111078238,-80.13736729295259,111.45056937348954,0.962920460785577,5.3738941877479895,30.181496365219584,30.000682400259834
20260901,121420,25.911950374550507,-80.13737177635727,111.60035864678608,0.9702047700029838,5.377871837376728,30.178616521405353,29.99881615734542
20260901,121421,25.911960798796006,-80.13737636500457,111.3799249767069,0.9754725119656238,5.384656705384476,30.18380421723995,29.99955781192014
20260901,121422,25.91197134809655,-80.13738095658265,111.11183983221068,0.97667012076253,5.385962761417084,30.190706220348464,29.999119157797395
20260901,121423,25.91198192064564,-80.13738549496802,110.58368714865843,0.9693699107203769,5.391372885450116,30.195841232442476,29.99688452480812
20260901,121424,25.911992312059873,-80.13738983365928,110.21490230090706,0.9641108619864562,5.39850118363612,30.204307885957448,29.999348698643395
20260901,121425,25.912003483768896,-80.1373944071439,109.69960855982818,0.947359314636648,5.402172040620855,30.21117921586576,29.996982895217705
20260901,121426,25.912013180384655,-80.13739826701341,109.53040137652907,0.9309893903575645,5.405142406922685,30.21572567462341,29.99885409557145
20260901,121427,25.91202231332506,-80.13740186870953,107.66274730622794,0.9161080624686898,5.410335287404219,30.21871149605686,29.99976724907818
20260901,121428,25.91203038470894,-80.13740472610463,107.01464977909279,0.9011194751691672,5.413219735213637,30.21807898483328,29.999124812059616
20260901,121429,25.91203706994317,-80.13740700051348,109.4803786669681,0.8865460291730637,5.416001361091463,30.215952434332987,29.998601416411677
20260901,121430,25.912041527895113,-80.1374087536959,104.60403762466781,0.8789653635451641,5.4183250619688,30.21743148115095,29.998203190662515
20260901,121431,25.91204462948411,-80.13740965216009,93.10151712242967,0.8745233841349664,5.4179462763902055,30.217232159386594,29.999760481234876
20260901,121432,25.912048161931487,-80.13740986495813,68.92625969219213,0.8667487544052144,5.416750261292973,30.21577215346355,29.998619764538997
20260901,121433,25.912052557136434,-80.13740798199981,40.42764909963284,0.8577830660311451,5.416516298283144,30.214989027057484,30.000571210743036
20260901,121434,25.912056707252844,-80.13740256588363,22.49480789564293,0.8476496504226709,5.410726467451813,30.210396825091966,30.002100393870922
20260901,121435,25.912060230464267,-80.13739310696273,17.649272260997822,0.8348469473808418,5.403062123885289,30.20677242176044,30.003500090082497
20260901,121436,25.912062836289817,-80.13738400137028,17.41610377926988,0.8191578859769917,5.3975054751942935,30.19889097666701,30.004527324880065
20260901,121437,25.912065588935434,-80.13737424550207,17.498104581987146,0.8046538937076394,5.391501939090402,30.193069189366348,30.006222657292817
20260901,121438,25.91206881022897,-80.137362885616,17.09777291111975,0.7902013113056571,5.38764439580373,30.183875577596393,30.003197881809825
20260901,121439,25.91207210056953,-80.13735099309964,16.719542033014367,0.7807727825406614,5.38468544656759,30.17908724437865,30.00296238112337
20260901,121440,25.912075323153164,-80.13733906585533,16.99523486052198,0.7766879507354523,5.380249132979283,30.181761650406354,29.99931473795855
20260901,121441,25.91207858114862,-80.13732721481361,16.323734076691686,0.7837470669205873,5.381025673799618,30.19697797094115,29.997010747361557
20260901,121442,25.912081715921364,-80.13731531481831,15.938188753944411,0.7948168731650267,5.376958963048581,30.21081697163204,29.993355771841532
20260901,121443,25.91208474299725,-80.13730353023898,15.181765822433512,0.8165323507459357,5.3790696040247115,30.23366272199794,29.99396316563095
20260901,121444,25.91208758179941,-80.13729189922617,15.044120005254301,0.8412689934448238,5.3768507941736,30.254753992111166,29.992427075359316
20260901,121445,25.912090659300873,-80.13727916930311,15.119177010450082,0.8654107884380489,5.373401161439333,30.27145691431858,29.992258984848146
20260901,121446,25.91209338418171,-80.13726795659538,15.369470484726602,0.8868239998956361,5.369163297923578,30.28011016103456,29.99016133984713
20260901,121447,25.91209599232331,-80.13725740749501,14.377779138211894,0.9024530122877824,5.367100597649584,30.28109082459962,29.991472208335665
20260901,121448,25.912098194003097,-80.13724785870025,13.806927027197615,0.913961917730322,5.359132524540267,30.271273837086614,29.988654298661476
20260901,121449,25.912100061709953,-80.13723940925954,15.898590449168731,0.9220369550494772,5.358289057390308,30.257582674313863,29.990024103548635
20260901,121450,25.9121018179215,-80.13723255428872,15.86456694825328,0.9254257820634991,5.352848220023072,30.239726666637303,29.99006334414
20260901,121451,25.91210298714524,-80.13722798018267,19.151649287113663,0.9279395137130141,5.349830625636455,30.226498031637163,29.987007018702865
20260901,121452,25.912103897234864,-80.13722506673898,24.154386395255916,0.9279732883205544,5.34752588962572,30.217830045379966,29.987593181427346
20260901,121453,25.912104878433542,-80.13722263426668,40.52592146141405,0.9277542632603433,5.348615514331972,30.211401673074914,29.98829963699151
20260901,121454,25.91210683957597,-80.13722008374934,69.85331510700745,0.9253593215692912,5.34455322549482,30.201290151433067,29.987537334832126
20260901,121455,25.912111414748875,-80.13721821763508,97.0558361318491,0.9250717467361418,5.347307938035576,30.194619590098238,29.985540649381257
20260901,121456,25.912117094937987,-80.13721899927681,118.75068484512346,0.9211392492702951,5.347925114363641,30.19075468621903,29.986838735029313
20260901,121457,25.912123546784112,-80.13722293462229,127.63854886228914,0.9182203351586491,5.353453333061306,30.19944672730584,29.987300919847684
20260901,121458,25.912129776046505,-80.13722827541883,128.314863781229,0.9138876066625258,5.360321442200533,30.20614937062614,29.986360487888508
20260901,121459,25.912135947251347,-80.13723369678105,128.1988260758109,0.9088969745867351,5.362194257967834,30.21241306432879,29.982686333626702
20260901,121500,25.91214281654594,-80.13723970632645,126.94309126312352,0.9057935247769027,5.368066374780737,30.21459382860029,29.983005564311078
20260901,121501,25.912150847491304,-80.13724642060282,126.28414574729622,0.8992717696660841,5.372219012380286,30.20591595329285,29.9808927882058
20260901,121502,25.912160023908633,-80.13725391043556,125.90406926632772,0.8952482659021083,5.375954540768172,30.194593115645613,29.977734324668436
20260901,121503,25.912169263485904,-80.13726134745745,125.9623287210327,0.8915844343513775,5.378273790501776,30.180936009919762,29.97248862847299
20260901,121504,25.912178355116666,-80.13726868107241,124.98032655745725,0.8888995330696283,5.380390841121767,30.166702174566254,29.968018809718057
20260901,121505,25.91218822323408,-80.13727635750683,125.21544760432766,0.8877798489306079,5.383923212320171,30.149263511679628,29.963665876721162
20260901,121506,25.91219709760466,-80.13728332138632,125.26333578541714,0.8900244293939745,5.385672316183522,30.13255611441755,29.956331254502132
20260901,121507,25.912205577596108,-80.13728998760182,125.41369973196505,0.8944679426423694,5.389639492028311,30.119200405713972,29.95225624113456
20260901,121508,25.912213363095425,-80.13729614200521,125.43861867181371,0.9010306939815441,5.390913158437235,30.103003316119302,29.945801068030065
20260901,121509,25.912219884410888,-80.1373013018256,125.01954832618318,0.9044835824772216,5.394560797466988,30.093103831558174,29.943960982558533
20260901,121510,25.912224771253843,-80.13730510885622,124.66607086006685,0.9089855008878749,5.395991265299895,30.082640073268465,29.938691116702113
20260901,121511,25.912228316446615,-80.1373078345921,128.4272840132229,0.9088191785543037,5.397308594802043,30.076964552630937,29.937940690041867
20260901,121512,25.91223155805714,-80.13731069382955,140.2395391393682,0.9112806285191353,5.39930132434559,30.070678790353412,29.93414499851417
20260901,121513,25.912234649557444,-80.13731482489214,164.3003570782083,0.9145881618619809,5.401585910752994,30.060692100295583,29.93105572667612
20260901,121514,25.91223633342337,-80.1373214851726,185.59945439866917,0.916405797339303,5.402646589294498,30.037888514844667,29.929508176106996
20260901,121515,25.912235485437872,-80.13733110119558,192.92894486086288,0.918460692202929,5.404048504872671,30.00525400416494,29.921949324400007
20260901,121516,25.91223352868627,-80.13734057776124,193.33463989527195,0.9188892266802986,5.40498552714647,29.971680882460777,29.916152316705436
20260901,121517,25.912231427533374,-80.13735043313451,192.60337179562916,0.9176328085906363,5.4049209900240776,29.934534196253317,29.90940515155167
20260901,121518,25.912229130150333,-80.13736185666296,192.08908285463139,0.9154153436793423,5.404015587070305,29.893562043912052,29.904854785950203
20260901,121519,25.91222675300882,-80.13737419588195,191.48654661042673,0.910224184304637,5.404235559950824,29.85822986540615,29.903567202886926
20260901,121520,25.91222451852052,-80.13738642101569,191.7662006510849,0.9040466269932091,5.3979252640045825,29.835721942229398,29.908122236319137
20260901,121521,25.91222221450439,-80.13739871865964,191.8216707191363,0.8973313603564581,5.399032268150939,29.834093466889378,29.913773339044372
20260901,121522,25.912219927257077,-80.13741086787013,190.9887928172305,0.8909725663898701,5.397524957368182,29.84738224976526,29.921201386934346
20260901,121523,25.912217822898572,-80.13742291648427,191.03196401060592,0.8846057348355819,5.396534609600518,29.86894957909584,29.931120640346613
20260901,121524,25.912215701365326,-80.13743501471049,191.4679038542368,0.876643423961345,5.39813667929974,29.904114266755204,29.94219274954704
20260901,121525,25.91221329089181,-80.13744822470282,192.89205881322854,0.8762457676360692,5.4024207466462455,29.941837126207325,29.950627091691025
20260901,121526,25.912210876287478,-80.1374599532731,192.17606883534197,0.8707144488659149,5.407824049819802,29.979564024364773,29.95744843417203
20260901,121527,25.912208667374564,-80.13747133484966,191.91643126800952,0.8678720683786546,5.4100716770606585,30.011482008657307,29.9637296045667
20260901,121528,25.912206603341147,-80.13748220869327,191.41716648605131,0.8618519217838934,5.417375131008847,30.0298361665066,29.969599984690387
20260901,121529,25.912204786659153,-80.1374922100057,193.7271265113169,0.8606366936771159,5.423469280651204,30.045504437684325,29.972332971573074
20260901,121530,25.91220288860395,-80.13750084863925,193.7271265113172,0.8587695936219205,5.427076980180911,30.051892461261737,29.973038860576885
20260901,121531,25.912201646103952,-80.13750650363924,197.9754132873652,0.8543962197258501,5.4299777003070835,30.055926709332226,29.97336295562216
20260901,121532,25.912200030218695,-80.13751204077097,197.97541328736622,0.8536880747571743,5.430981321010975,30.057024152395893,29.973857653114486
20260901,121533,25.91219946188536,-80.13751398827098,192.6060147890124,0.8529388862366064,5.43378784931947,30.05512395271574,29.973544747326365
20260901,121534,25.91219905996461,-80.13751598635255,173.28569811987958,0.8533477365182659,5.431917719719537,30.056737587424614,29.973830100323628
20260901,121535,25.912199589434824,-80.13752098652259,143.5470583321784,0.8518245367810223,5.431644094366206,30.061215730351158,29.975775206769182
20260901,121536,25.91220350245505,-80.1375268758442,123.00342691650165,0.8505300855750363,5.43008026079208,30.06564965007923,29.975776668617083
20260901,121537,25.912210014002834,-80.1375315777545,117.27082272043589,0.8512357956266591,5.426781852230023,30.074591463854084,29.978463876120486
20260901,121538,25.91221732360116,-80.13753576697094,115.57569033697857,0.8538585508762391,5.422579144276375,30.08107407521302,29.98014649246662
20260901,121539,25.912225362598527,-80.13754004445873,115.81260472595622,0.8523135146101559,5.419999895221927,30.088184459921944,29.981801114831445
20260901,121540,25.912234743915874,-80.13754508929533,115.9131647602883,0.8540883636511724,5.415111579684087,30.091418192733695,29.984873121154894
20260901,121541,25.912244513933064,-80.1375503667008,115.18172378499418,0.8541015467216755,5.409914731478759,30.089581375871212,29.984122006753058
20260901,121542,25.91225436720977,-80.13755551727725,114.67196547328905,0.8529020599559333,5.40525922421187,30.08164102093203,29.98415572615941
20260901,121543,25.91226423459316,-80.13756055654247,114.41906273475774,0.8515866615397012,5.398589495267543,30.059142490536125,29.9821186686716
20260901,121544,25.91227414621965,-80.13756555961824,114.7715270644677,0.8491606896076391,5.3925855859453895,30.03292990751262,29.97576431814741
20260901,121545,25.912283905367286,-80.13757056645778,114.93387774969675,0.849466271798997,5.387760915648001,29.997286414023364,29.968415837501865
20260901,121546,25.91229418020654,-80.13757587718088,114.42931470035523,0.8518620872286103,5.380348214929944,29.96091368149513,29.9581844425837
20260901,121547,25.912302960669656,-80.13758031138805,114.6148451272377,0.8529824094802496,5.372277162056045,29.929504141913224,29.948494080835403
20260901,121548,25.912310935547097,-80.1375843734526,112.94100658886474,0.8510414964408922,5.368132759809031,29.907437969235986,29.93979846096582
20260901,121549,25.912317610925594,-80.13758751467876,114.03523444116814,0.8512146622174152,5.363668773392789,29.88735840664891,29.932913906210732
20260901,121550,25.912322665467087,-80.1375900207831,122.58925216166764,0.8502339070537577,5.3607902494217665,29.879362853578638,29.9293969631607
20260901,121551,25.912326337185576,-80.13759263032587,120.46372016497892,0.8491706691919125,5.358790062231248,29.874541791910342,29.926625986973274
20260901,121552,25.912328246825865,-80.13759387910856,109.59257162428601,0.8505071946964661,5.359953044291356,29.868823220075395,29.928101648740732
20260901,121553,25.912330583997377,-80.13759480397859,83.6631313378286,0.8504152974212603,5.356970529572466,29.864282086681712,29.92677677934926
20260901,121554,25.912333871993546,-80.13759439802618,53.27560996916705,0.8469913590266112,5.358893485527119,29.86618992063349,29.92330637650112
20260901,121555,25.912337921708897,-80.13759103908686,26.992839939269583,0.8393959803411649,5.361693580230774,29.869733069009687,29.92516480968892
20260901,121556,25.9123414241024,-80.13758339458629,15.255974023523617,0.8316099477091723,5.373892798978899,29.87883615738179,29.931396013026703
20260901,121557,25.912343640640906,-80.13757435940128,13.620777973875516,0.8222882226287606,5.382415331974818,29.89292699632669,29.93590650658284
20260901,121558,25.912345713983665,-80.13756484641685,14.193998177571244,0.813292688799226,5.391084317395919,29.909298115598197,29.940531771685603
20260901,121559,25.91234816262771,-80.13755408311356,14.237655516966198,0.8109693324169763,5.39237637849842,29.924728573257298,29.942105913312417
20260901,121600,25.912350909209692,-80.13754204877011,14.086979279571732,0.811302477062963,5.395400982018987,29.935613479753997,29.943123505587195
20260901,121601,25.91235357626887,-80.13753023259815,13.774355901909697,0.8174133168972217,5.391440920110621,29.936387524194227,29.938129287336213
20260901,121602,25.912356106654432,-80.13751875707766,13.325155860172327,0.8237576104827218,5.389621762277893,29.91835181578826,29.93125918556441
20260901,121603,25.91235849758718,-80.13750753422616,12.518244374255465,0.8293757386229028,5.3844047332141045,29.89517616513028,29.923000649653734
20260901,121604,25.912360663740948,-80.13749668756869,12.180909155840997,0.8386562047629613,5.38343934257837,29.859927949063728,29.916772211896827
20260901,121605,25.912362654477878,-80.13748643436033,11.73899345155192,0.8441679315748315,5.382136740150053,29.826059566804847,29.909903575585155
20260901,121606,25.912364406179588,-80.13747706239425,12.968493568441952,0.8489552160844689,5.384319845342007,29.79673021295482,29.906747032938146
20260901,121607,25.91236618573243,-80.13746847120173,10.506384776238523,0.8526424026764354,5.386041611680109,29.76861719177915,29.901451252878243
20260901,121608,25.91236719192089,-80.13746243924416,5.952729674335746,0.8565147918404206,5.390993167703428,29.751418489818196,29.897265494706957
20260901,121609,25.912367560657458,-80.13745850761993,14.062283979859847,0.8600858460623472,5.391036986391702,29.741525863925997,29.897544367485747
20260901,121610,25.91236817371435,-80.13745578655765,30.452537267061434,0.8618824699122298,5.394259377010269,29.737564523416825,29.89436946333309
20260901,121611,25.91236967208496,-80.13745295314592,54.172004883581856,0.865211075679232,5.3942559411595825,29.73163973984051,29.896420327638527
20260901,121612,25.91237304749719,-80.13745024383215,80.36352438619248,0.8606431885768256,5.39631872089309,29.72683904330686,29.89472804231817
20260901,121613,25.912378377542584,-80.13744923767776,104.47068537168947,0.858904957651764,5.394335341044483,29.730551472694092,29.89509960055307
20260901,121614,25.912384820340648,-80.13745108622668,121.90089766798573,0.852768992552055,5.390011065977196,29.73804051954324,29.896965498863157
20260901,121615,25.912391589071984,-80.13745577046981,127.29500508192938,0.8479568151896942,5.384232894394288,29.749640645966736,29.894483960779077
20260901,121616,25.91239790795335,-80.13746112123808,126.85709116548128,0.8446503159732642,5.379751082931652,29.7674954865335,29.894892967643557
20260901,121617,25.912405402780948,-80.13746736773518,126.01633937942707,0.8384490018906369,5.3745703067309805,29.783905328541987,29.894929512246286
20260901,121618,25.912413222032402,-80.13747368752337,125.35950092847948,0.835371061969725,5.368297467275803,29.81529068483344,29.89558622390473
20260901,121619,25.91242228300246,-80.13748083584372,124.25937285106347,0.834233979543736,5.359158374271525,29.845139023367583,29.89326315578303
20260901,121620,25.912431485035434,-80.13748780403793,123.25440953400137,0.8331033651547654,5.352433106482482,29.880054300748764,29.895263885927715
20260901,121621,25.912440911566776,-80.13749467628335,123.66399011202776,0.8318199408021915,5.342602926126691,29.913689514027933,29.898219989693622
20260901,121622,25.91245016773514,-80.13750153002158,123.84491721432049,0.82927354168429,5.3351435033193315,29.941470468353373,29.89735143420186
20260901,121623,25.912459093878283,-80.13750818472528,123.94989370307823,0.8289759281119212,5.326491540599041,29.96748024766853,29.90325511394652
20260901,121624,25.91246756510995,-80.13751452532492,125.05134163287086,0.8272410560208436,5.315388683876964,29.98775750960156,29.908517277736767
20260901,121625,25.912475170617295,-80.13752045729372,125.57000739228677,0.8255101526901854,5.307684002095172,30.001471134109227,29.909246118764095
20260901,121626,25.912481334301656,-80.13752535785977,127.01095019640468,0.8268634161908947,5.299529588217118,30.009132617374643,29.913872455531806
20260901,121627,25.912486180629895,-80.13752941963415,131.27479649635828,0.825624747396005,5.293290546854697,30.010216568188273,29.91511430238066
20260901,121628,25.912489407321033,-80.13753256839982,144.8033453333384,0.8251004529306813,5.2897715324443855,30.012027781561965,29.912474546532362
20260901,121629,25.912492265388703,-80.13753707338093,167.57526587973038,0.8256858119995034,5.286935583534752,30.00417662054186,29.91334187754211
20260901,121630,25.91249365277237,-80.13754407445573,186.2270179080303,0.8239881369482893,5.28305505287199,29.990624561970545,29.910916846232407
20260901,121631,25.912492780618827,-80.13755296107732,192.00965238466486,0.8193686771844273,5.29166472986834,29.968257792690977,29.9095553237892
20260901,121632,25.91249099018789,-80.1375623181351,191.72019174765168,0.8157220157438245,5.303622733278374,29.94547526061408,29.909359136579628
20260901,121633,25.91248914835026,-80.1375721886061,191.48634018603227,0.8081161794767198,5.318952463114963,29.92150877717825,29.908050342554475
20260901,121634,25.912487050469903,-80.13758366655452,191.48095972495952,0.8025938050040998,5.33169269482206,29.903069643849502,29.913648711845006
20260901,121635,25.9124848514866,-80.13759570345081,191.5889013865923,0.7996226401817823,5.34969992843858,29.892979387579285,29.92041295637546
20260901,121636,25.9124826647266,-80.13760755889166,192.05245775996642,0.79747570107472,5.363477035443609,29.890164025340347,29.926849643057526
20260901,121637,25.91248022728695,-80.13762025071613,191.61940011104386,0.7964949830614183,5.376726890754253,29.907927669851286,29.93457446907772
20260901,121638,25.91247816953281,-80.13763137665859,191.993439795309,0.7962753500419117,5.375078503260791,29.936121020670992,29.937956901701167
20260901,121639,25.91247615766533,-80.13764190561444,191.3757568938015,0.7997027206224326,5.371892574192334,29.959609291416136,29.938425010664144
20260901,121640,25.912474415891467,-80.13765153038284,191.084195171735,0.8028618991663152,5.361816926134614,29.97875342284561,29.93809562078979
20260901,121641,25.912472970094278,-80.13765973533528,193.2518989055565,0.8006934746629051,5.35311232729648,29.996477481239072,29.9368705425957
20260901,121642,25.9124716247152,-80.13766608663738,200.95110704286654,0.8039031667604931,5.345241743772618,30.00864600251397,29.934044195156453
20260901,121643,25.91246986467163,-80.13767119722263,204.4592346893421,0.8004325295192705,5.3361853775247825,30.017200345454533,29.93351786618711
20260901,121644,25.912468602517738,-80.1376742821397,196.3220656522945,0.7988486556004386,5.333462401224997,30.017649369615164,29.93055077784548
20260901,121645,25.912467690721147,-80.13767774380901,175.82516607365247,0.7979948897566244,5.328017009195886,30.022142015530395,29.928066787028484
20260901,121646,25.912467989914358,-80.13768230083484,145.59110145081632,0.7969987902553578,5.3215048141505,30.023981714783996,29.925358327682165
20260901,121647,25.91247157350078,-80.1376881175753,126.23042536779394,0.8011240590093659,5.317100141738943,30.025820886918112,29.92024825906643
20260901,121648,25.912478044619565,-80.13769338895736,121.22826857453602,0.8120128536262476,5.316856007607555,30.029355594547884,29.916724133084458
20260901,121649,25.912485401563345,-80.13769834800257,119.91745354536954,0.8245827555712184,5.318548186720427,30.030388671329327,29.909629701361965
20260901,121650,25.91249347157208,-80.13770351077615,120.45364196274615,0.8402282110784667,5.31949185774223,30.03389454002427,29.905800318087188
20260901,121651,25.912502687932445,-80.13770953526118,119.39836956716015,0.8553406464135237,5.321162775919585,30.040005305028913,29.89812184510544
20260901,121652,25.912512410469493,-80.13771562555422,118.64976979485046,0.8714016175562815,5.325505786568931,30.052347851160526,29.89587303021801
20260901,121653,25.912522085355434,-80.13772150219009,120.21991155960387,0.8844900485138496,5.325113157993419,30.070652701457824,29.895335796568972
20260901,121654,25.912531252486822,-80.13772743868066,120.56636041970029,0.8895619922408847,5.328990583099252,30.092546153177846,29.897294804202815
20260901,121655,25.912540361789052,-80.13773342002715,119.1801254015988,0.8902513622665824,5.330636258584989,30.121871525972036,29.901616122913605
20260901,121656,25.912549220727794,-80.13773892003344,118.99032899557949,0.8888890343555452,5.334267946561758,30.143359425841762,29.9074908848523
20260901,121657,25.912558257363706,-80.13774448678369,117.82249701832262,0.8827614949732957,5.3311843452449565,30.17377070907705,29.91577741423969
20260901,121658,25.91256559952752,-80.13774879464466,115.36354545164625,0.8769036441518715,5.326965347348909,30.197078422157585,29.922552139426003
20260901,121659,25.912571784346913,-80.13775205430265,114.10850688242644,0.8732363385753125,5.319498578885416,30.21051448884765,29.92810146193737
20260901,121700,25.912576422588,-80.13775436191075,117.76089888957742,0.8705928083747154,5.311325632878592,30.220104251406003,29.93073575298487
20260901,121701,25.912579351978305,-80.1377560761952,108.7104214693102,0.8709385411679792,5.307862789864778,30.22617865548925,29.932499742124985
20260901,121702,25.912581738859426,-80.13775697495045,92.49146935272647,0.8685721567217982,5.303450835222719,30.227629301262915,29.934085236541293
20260901,121703,25.912584736245922,-80.13775711994957,63.83660295958,0.8670014523752384,5.299220632906451,30.2302217715046,29.93321232020231
20260901,121704,25.912588790977118,-80.13775490534503,36.72789672072047,0.8652085813906525,5.289961806560781,30.223433046982326,29.934515857581857
20260901,121705,25.912592698724623,-80.1377490826354,19.741836422613968,0.8625609344721099,5.277377392270893,30.210087796349786,29.9305023944609
20260901,121706,25.912595582229123,-80.13774014973932,15.38501651456261,0.8669036037308474,5.273555589694141,30.16464180905914,29.92275644959166
20260901,121707,25.912598175451187,-80.13772967210855,14.562035505413236,0.8723605728174996,5.266492591433377,30.10178133022153,29.910559058126513
20260901,121708,25.912600599978916,-80.13771929565506,14.246220202850015,0.8789135003003786,5.265020633674579,30.03169209809285,29.899356656513007
20260901,121709,25.912603311161654,-80.13770742386038,14.068728322321933,0.8932512735250349,5.2700945177768785,29.938092839057663,29.88289248290668
20260901,121710,25.912606001254417,-80.13769548953827,14.569137412825338,0.9084561714721847,5.279454730542951,29.842761156930777,29.868016464000195
20260901,121711,25.912608740058364,-80.13768377401819,14.091723143152473,0.9239241653970508,5.292238247278746,29.75471054617927,29.85677038773151
20260901,121712,25.91261132598082,-80.1376723213321,14.09172314315266,0.9322836139061246,5.298187448007767,29.69468931442998,29.850064529538756
20260901,121713,25.91261256764749,-80.13766682216543,13.900330767102037,0.9384774007415985,5.30445146135328,29.670553253020863,29.847440843593375
20260901,121714,25.912613792784487,-80.13766131841817,13.781442642843114,0.9441815346040632,5.307069505161319,29.65158236888395,29.84405511831828
20260901,121715,25.912616061926524,-80.1376510331613,14.157915299084973,0.9506888679149824,5.312126896897042,29.644311012568668,29.84605168117521
20260901,121716,25.912618105192298,-80.1376420278931,16.35839269990167,0.9526809890636818,5.313335767366461,29.65490013850344,29.85232056376504
20260901,121717,25.91261994754859,-80.13763504972675,15.558851020575954,0.9546701706810383,5.311825636168475,29.668698462135538,29.85545811113247
20260901,121718,25.912621307840347,-80.13762961809452,17.657135399737754,0.9539995117870612,5.3106942644797375,29.691422713383695,29.860383620402327
20260901,121719,25.912622114499,-80.1376268007081,25.355629510230237,0.9519246669169785,5.305700096608686,29.708915968636997,29.864779529964245
20260901,121720,25.912623236900718,-80.1376241674702,44.58803362905556,0.9504133318479364,5.302020893925912,29.721572103134253,29.869895655620674
20260901,121721,25.91262588163034,-80.13762118454284,71.64808690465031,0.950394614887463,5.3039844110819185,29.741850387445115,29.87417234611349
20260901,121722,25.912630974328614,-80.13761930634861,95.55743120696987,0.9531123621984198,5.30547721760002,29.75820598687118,29.877489687044093
20260901,121723,25.912637987931983,-80.13762006505459,109.62201810615694,0.9576817417777848,5.3139609363407425,29.75768221726272,29.879539269925093
20260901,121724,25.9126461094222,-80.13762328413567,112.59500510681774,0.9558236718652418,5.318073286642841,29.757035665271037,29.876810833927323
20260901,121725,25.912654290518503,-80.13762706930365,111.28062103846571,0.9516730038827754,5.321249495472978,29.757371167703493,29.87776978848481
20260901,121726,25.91266319071098,-80.13763092334332,111.5916003164508,0.9438508809681019,5.311639815100376,29.768148602371753,29.879231650171686
20260901,121727,25.91268467155292,-80.13764037476976,111.59160031645052,0.9117115075029396,5.25377050861812,29.824910049733273,29.877702537876193
20260901,121728,25.91268964321959,-80.13764256226976,111.0706254583453,0.9022264202330039,5.22592047531453,29.847893850379688,29.87847435846204
20260901,121729,25.91269463257115,-80.13764469942124,111.31584788605596,0.8936340284370126,5.20725571573428,29.869065331067464,29.87770296004277
20260901,121730,25.912703978715005,-80.13764875393016,111.41158876531041,0.877386158062085,5.160934411702054,29.912750960195766,29.879565301954628
20260901,121731,25.912712371560687,-80.13765241286052,113.5777393562535,0.8628255856210262,5.119160592729227,29.954387984812293,29.879617948994568
20260901,121732,25.91271928906064,-80.13765576928061,111.69438705004586,0.8506157272092181,5.082510790967619,29.9919804805957,29.88082024925894
20260901,121733,25.91272500015016,-80.13765829530581,106.55389168020193,0.8443533837350812,5.059739605176168,30.021844027520196,29.88061344622984
20260901,121734,25.912730617339015,-80.13766015156075,102.12856534380755,0.8371383751175111,5.041202863090891,30.04769219836153,29.88461967213918
20260901,121735,25.912734166777078,-80.13766099960374,107.95559205631662,0.8335227589039285,5.0305144550414225,30.059759924117927,29.886584157168922
20260901,121736,25.912737058252674,-80.13766204135705,124.26667684749644,0.8318969573128222,5.022514740175944,30.069904189991462,29.887278432476947
20260901,121737,25.912740317464696,-80.13766451005559,148.2441337820846,0.8268857435928008,5.010218348765849,30.089957680778763,29.88669771834373
20260901,121738,25.912743450716977,-80.1376701379818,174.63235003517622,0.8224378122801669,4.983526126417708,30.1147305094291,29.888908591279815
20260901,121739,25.912744088813486,-80.1376776883399,192.6277050908118,0.8202429356040878,4.962221525620608,30.13405815363491,29.889668930481076
20260901,121740,25.912742250393087,-80.13768681152119,197.80165719748834,0.8158556385235001,4.935800836751327,30.153735930463668,29.88875980784272
20260901,121741,25.912739577018165,-80.13769606787181,197.8016571974881,0.8155501554129985,4.911776884971768,30.16587673197597,29.888982599269912
20260901,121742,25.912736527851497,-80.13770662537182,197.26115712389782,0.8159435301572966,4.897096289195301,30.17199340147712,29.89243845890778
20260901,121743,25.912733568400675,-80.13771721438098,196.5416804504952,0.8194254154253006,4.883814998098514,30.178907246349926,29.895931700598357
20260901,121744,25.912730350846832,-80.1377292585823,196.7199529733213,0.8272279872219126,4.861049263078169,30.19328596274526,29.90155348623919
20260901,121745,25.912727156073707,-80.13774108258815,196.6610928714754,0.8401945086384779,4.845424090564177,30.199184674162986,29.905185167860687
20260901,121746,25.91272398362857,-80.13775286788436,196.0900862355148,0.8572586653865268,4.836352678242651,30.20855869806601,29.913123773421635
20260901,121747,25.912720954790267,-80.13776454202267,195.92278847841192,0.882850351280017,4.826074133921234,30.223029976688387,29.917768457298315
20260901,121748,25.912717772348703,-80.13777694407321,195.47391267406164,0.9154065943725891,4.815681847892287,30.244729706747215,29.92585442877438
20260901,121749,25.912715049325424,-80.13778787979284,194.31493787102352,0.947396559227314,4.803137216742062,30.261315252331126,29.931553160571507
20260901,121750,25.91271273558531,-80.13779796055161,193.40986891040944,0.9775978651490858,4.799718089060541,30.2811624402657,29.93547032106076
20260901,121751,25.912710812739896,-80.13780692710463,193.26963688126017,0.9990414787386261,4.811362188256234,30.29740447012568,29.940956831789777
20260901,121752,25.912709240716712,-80.13781433807108,193.18760931851898,1.0202808108084354,4.818740984811185,30.308328468598457,29.944856935904888
20260901,121753,25.912708092729524,-80.13781978490388,210.13305319066677,1.0317482757710208,4.831823738832762,30.315555234458746,29.94660544085848
20260901,121754,25.912706541417275,-80.13782275622607,298.6158643700737,1.0356016356435431,4.841304704613069,30.322286485963836,29.947968863957463
20260901,121755,25.912705611706645,-80.13782219230323,281.45385934630457,1.0276968790714116,4.857781459646322,30.319085729694244,29.947935407566547
20260901,121756,25.91270470365244,-80.13782198775455,253.8161421598267,1.02611173961379,4.862229886753974,30.322356607481645,29.94857448926035
20260901,121757,25.912703449397398,-80.1378223924526,297.2545029141084,1.0208278061076692,4.88137187737924,30.323358009465625,29.949416560986116
20260901,121758,25.912702196666668,-80.137821675,297.25450291410743,1.0104712496770332,4.894356294312455,30.32256409612791,29.949212805184434
20260901,121759,25.912701268333333,-80.13782114333333,297.25450291410743,,,,
