Date,Time,Latitude,Longitude,Pitch (degrees),Roll (degrees),Heading (degrees Magnetic),Heave,Temperature in electronics box (degrees C),"Acceleration x, forward (G)","Acceleration y, starboard (G)","Acceleration z, down (G)",Yaw rate [degrees/s],Control Mode,Thrust (% Thrust),Thrust difference (% Thrust),Date (MMDDYY),Time (HHMMSS),Temperature (C),Specific Conductance (uS/cm),Salinity (PPT),Pressure (psia),Depth (m),Chlorophyll (ug/L),ODO (%Sat),ODO (mg/L),Turbidity (FNU),Wiper Position (V)
20260901,115314,25.912541518333335,-80.13768081833334,-2.5,-0.8,11.5,0.0,43.1,-0.03,0.02,-0.98,0.86,Waypoint,-0.3,64.1,90126.0,115237.0,29.864,46872.57,30.32,-7.34,-5.066,1.25,82.01,5.26,-0.21,1.2
20260901,115314,25.912541518333335,-80.13768081833334,-2.5,-0.8,11.5,0.0,43.1,-0.03,0.02,-0.98,0.86,Waypoint,-0.3,64.1,90126.0,115237.0,29.864,46872.57,30.32,-5.86,-4.049,1.25,82.01,5.26,-0.21,1.2
20260901,115315,25.912540598333333,-80.13768186333333,-2.5,-0.8,11.5,0.0,43.1,-0.03,0.02,-0.98,0.86,Waypoint,-0.3,64.1,90126.0,115239.0,29.88,46876.63,30.32,0.04,0.029,1.03,82.01,5.26,-0.21,1.2
20260901,115459,25.91250288166667,-80.13754912166667,-2.5,-0.0,0.0,0.0,43.2,-0.04,-0.01,-1.01,-1.16,Waypoint,-0.3,-62.1,90126.0,115423.0,29.847,46674.62,30.18,-2.91,-2.008,1.14,80.77,5.19,0.03,1.2
20260901,115459,25.91250288166667,-80.13754912166667,-2.5,-0.0,0.0,0.0,43.2,-0.04,-0.01,-1.01,-1.16,Waypoint,-0.3,-62.1,90126.0,115423.0,29.847,46665.05,30.17,-1.43,-0.988,1.14,80.77,5.19,0.04,1.2
20260901,115500,25.912501673333335,-80.13754782333334,-2.0,0.3,345.5,0.0,43.2,0.09,-0.05,-0.94,-12.4,Waypoint,-5.2,-75.2,90126.0,115424.0,29.847,46648.98,30.16,0.04,0.03,1.11,80.76,5.19,0.02,1.2
20260901,115501,25.912500911666665,-80.13754494,-2.3,1.4,345.2,0.0,43.2,0.09,0.02,-1.01,-25.54,Waypoint,-5.2,-75.2,90126.0,115425.0,29.846,46606.44,30.13,0.05,0.032,1.08,80.75,5.18,0.02,1.2
20260901,115502,25.912501885,-80.13754247333334,-1.8,1.1,345.1,0.0,43.2,0.04,-0.2,-0.87,-27.95,Waypoint,-5.2,-75.2,90126.0,115426.0,29.845,46498.88,30.05,0.05,0.036,1.08,80.76,5.19,-0.03,1.2
20260901,115503,25.912503493333332,-80.13754189666666,-2.4,0.5,344.8,0.0,43.2,-0.08,-0.0,-0.88,-25.89,Waypoint,-5.9,-57.7,90126.0,115427.0,29.844,46416.34,29.99,0.05,0.037,1.09,80.78,5.19,-0.04,1.2
20260901,115504,25.912504431666665,-80.13754256833333,-2.2,-0.1,344.8,0.0,43.3,-0.09,0.14,-0.97,-17.86,Waypoint,-3.3,-47.2,90126.0,115428.0,29.841,46360.88,29.95,0.06,0.038,1.11,80.83,5.2,-0.05,1.2
20260901,115505,25.91250465,-80.13754324,-2.3,-0.3,344.7,0.0,43.3,-0.04,0.03,-0.97,-12.6,Waypoint,-2.6,-37.6,90126.0,115429.0,29.838,46406.5,29.99,0.06,0.039,1.12,80.9,5.2,-0.04,1.2
20260901,115506,25.912504675,-80.13754368333333,-1.9,0.2,344.7,0.0,43.3,-0.04,-0.05,-1.01,-9.11,Waypoint,5.8,-24.1,90126.0,115430.0,29.837,46480.65,30.04,0.05,0.038,1.09,81.01,5.21,-0.02,1.2
20260901,115508,25.912505298333333,-80.13754379833334,-1.9,0.2,344.6,0.0,43.3,-0.04,-0.05,-1.01,-9.11,Waypoint,12.1,-12.1,90126.0,115431.0,29.837,46537.2,30.08,0.05,0.036,1.14,81.09,5.21,0.01,1.2
20260901,115508,25.91250664,-80.13754385,-2.4,-0.2,344.4,0.0,43.2,-0.03,0.02,-1.01,-6.84,Waypoint,20.0,-7.3,90126.0,115432.0,29.838,46566.24,30.1,0.05,0.036,1.15,81.13,5.21,0.01,1.2
20260901,115509,25.912509028333332,-80.137544165,-1.7,-0.1,344.2,0.0,43.2,0.0,0.02,-1.01,-5.07,Waypoint,25.0,-3.8,90126.0,115433.0,29.839,46569.33,30.1,0.05,0.035,1.18,81.15,5.21,0.02,1.2
20260901,115510,25.912512811666666,-80.13754489833333,-1.5,0.0,337.4,0.0,43.2,-0.01,-0.01,-0.96,-4.92,Waypoint,22.0,-11.1,90126.0,115434.0,29.838,46553.18,30.09,0.05,0.034,1.21,81.17,5.21,0.01,1.2
20260901,115512,25.912517876666666,-80.13754642333333,-2.0,-0.2,338.7,0.0,43.2,-0.03,0.01,-0.98,-3.95,Waypoint,27.0,-4.4,90126.0,115435.0,29.836,46526.71,30.07,0.05,0.034,1.22,81.2,5.22,0.01,1.2
20260901,115513,25.912523886666666,-80.13754867833333,-1.5,-0.2,340.5,0.0,43.2,-0.01,-0.03,-1.01,-3.01,Waypoint,32.0,2.3,90126.0,115436.0,29.835,46521.91,30.07,0.05,0.035,1.23,81.25,5.22,-0.0,1.2
20260901,115514,25.91253105,-80.137551675,-1.9,-0.2,337.4,0.0,43.2,-0.01,-0.01,-0.98,-2.85,Waypoint,32.0,-1.4,90126.0,115437.0,29.834,46509.73,30.06,0.05,0.035,1.22,81.31,5.22,-0.01,1.2
20260901,115515,25.91253939,-80.13755556833334,-1.3,-0.4,342.7,0.0,43.2,-0.04,0.02,-1.0,-0.99,Waypoint,32.0,6.0,90126.0,115438.0,29.833,46521.66,30.07,0.05,0.035,1.19,81.38,5.23,-0.01,1.2
20260901,115516,25.912548333333334,-80.13755984666666,-2.0,-0.4,340.4,0.0,43.2,-0.0,-0.03,-1.0,-0.2,Waypoint,33.0,-1.2,90126.0,115439.0,29.833,46537.92,30.08,0.05,0.036,1.16,81.43,5.23,-0.02,1.2
20260901,115517,25.91255776,-80.137564505,-2.0,-0.4,342.4,0.0,43.2,0.0,0.01,-0.98,-0.4,Waypoint,31.0,5.0,90126.0,115440.0,29.833,46553.89,30.09,0.05,0.036,1.17,81.48,5.24,-0.02,1.2
20260901,115518,25.912568365,-80.13756978833334,-1.7,-0.4,340.5,0.0,43.2,-0.03,-0.0,-1.01,0.31,Waypoint,30.3,3.2,90126.0,115441.0,29.833,46583.89,30.11,0.05,0.037,1.18,81.53,5.24,-0.0,1.2
20260901,115519,25.912577788333333,-80.13757450333334,-2.0,-0.4,337.2,0.0,43.2,-0.03,-0.02,-1.02,-0.4,Waypoint,30.3,3.2,90126.0,115442.0,29.834,46548.18,30.09,0.05,0.037,1.12,81.57,5.24,-0.01,1.2
20260901,115519,25.912577788333333,-80.13757450333334,-2.0,-0.4,340.2,0.0,43.2,-0.03,-0.02,-1.02,-0.4,Waypoint,32.0,-0.6,90126.0,115443.0,29.834,46490.52,30.05,0.05,0.038,1.08,81.58,5.24,-0.01,1.2
20260901,115520,25.912587461666668,-80.13757950833333,-2.1,-0.5,343.5,0.0,43.2,-0.04,0.02,-1.0,-0.07,Waypoint,29.0,9.6,90126.0,115444.0,29.833,46438.67,30.01,0.06,0.038,1.03,81.61,5.25,-0.04,1.2
20260901,115521,25.912597213333335,-80.13758456333333,-1.9,-0.5,339.1,0.0,43.2,-0.06,0.01,-1.04,-0.19,Waypoint,33.0,-0.8,90126.0,115445.0,29.831,46397.8,29.98,0.06,0.039,1.01,81.66,5.25,-0.05,1.2
20260901,115522,25.912606766666666,-80.137589595,-1.8,-0.3,341.1,0.0,43.2,-0.03,0.02,-1.01,-0.06,Waypoint,31.0,7.6,90126.0,115446.0,29.83,46371.99,29.96,0.06,0.039,1.02,81.76,5.26,-0.07,1.2
20260901,115523,25.912616283333332,-80.13759449833333,-2.1,-0.4,349.6,0.0,43.2,-0.02,0.04,-0.99,0.48,Waypoint,30.4,8.5,90126.0,115447.0,29.829,46363.43,29.95,0.06,0.039,0.99,81.87,5.26,-0.08,1.2
20260901,115524,25.912625948333332,-80.13759925833334,-2.0,-0.5,341.0,0.0,43.2,-0.08,0.04,-0.99,0.39,Waypoint,32.0,1.3,90126.0,115448.0,29.828,46397.19,29.98,0.06,0.039,1.01,82.0,5.27,-0.09,1.2
20260901,115525,25.912635561666665,-80.13760395833333,-1.6,-0.6,340.1,0.0,43.2,-0.02,0.03,-1.0,-0.25,Waypoint,33.0,2.7,90126.0,115449.0,29.829,46369.0,29.96,0.06,0.039,1.01,82.09,5.28,-0.09,1.2
20260901,115526,25.912645158333333,-80.13760875666667,-2.2,-0.7,341.5,0.0,43.2,-0.03,0.03,-1.02,-0.07,Waypoint,31.0,6.0,90126.0,115450.0,29.829,46362.82,29.95,0.06,0.04,1.04,82.19,5.28,-0.09,1.2
20260901,115527,25.912654968333335,-80.13761366333334,-2.3,-0.8,343.6,0.0,43.2,-0.06,0.01,-1.0,0.22,Waypoint,30.0,7.3,90126.0,115451.0,29.829,46377.0,29.96,0.06,0.04,1.04,82.28,5.29,-0.08,1.2
20260901,115528,25.912665778333334,-80.13761906166667,-1.7,-0.5,341.4,0.0,43.2,-0.02,0.03,-1.01,-0.33,Waypoint,32.0,8.2,90126.0,115452.0,29.831,46406.04,29.99,0.06,0.04,1.03,82.36,5.3,-0.07,1.2
20260901,115529,25.912675395,-80.137623955,-2.0,-0.6,341.7,0.0,43.2,-0.02,0.05,-1.0,0.46,Waypoint,31.0,10.2,90126.0,115453.0,29.834,46457.63,30.02,0.06,0.04,1.06,82.4,5.3,-0.07,1.2
20260901,115530,25.912685251666666,-80.13762853,-2.2,-0.6,341.7,0.0,43.3,-0.08,-0.01,-1.0,1.09,Waypoint,32.0,2.7,90126.0,115454.0,29.837,46511.51,30.06,0.06,0.041,1.12,82.39,5.29,-0.05,1.2
20260901,115531,25.912695248333332,-80.13763326,-1.7,-0.4,340.3,0.0,43.2,-0.04,-0.0,-1.05,-0.93,Waypoint,33.6,7.5,90126.0,115455.0,29.841,46546.71,30.09,0.06,0.041,1.14,82.33,5.29,-0.05,1.2
20260901,115532,25.912705205,-80.13763810666667,-1.8,-0.5,340.8,0.0,43.3,-0.05,-0.01,-1.02,0.31,Waypoint,32.0,11.8,90126.0,115456.0,29.845,46611.95,30.13,0.06,0.041,1.13,82.23,5.28,-0.04,1.2
20260901,115533,25.91271518,-80.13764292,-2.6,-0.4,164.2,0.0,43.3,-0.07,-0.02,-1.0,0.41,Waypoint,0.0,0.0,90126.0,115457.0,29.85,46689.13,30.19,0.06,0.041,1.14,82.1,5.27,-0.02,1.2
20260901,115534,25.912723933333332,-80.13764731166667,-2.4,-0.3,160.4,0.0,43.3,-0.05,-0.0,-1.01,-1.07,Waypoint,-0.7,-10.5,90126.0,115458.0,29.856,46710.7,30.2,0.06,0.041,1.16,81.89,5.26,-0.01,1.2
20260901,115535,25.912731246666667,-80.13765139666667,-1.6,-0.4,158.4,0.0,43.3,-0.02,-0.08,-1.01,-7.2,Waypoint,-1.8,-71.8,90126.0,115459.0,29.858,46696.22,30.19,0.06,0.041,1.14,81.66,5.24,-0.01,1.2
20260901,115536,25.912737578333335,-80.13765711833334,-2.4,0.8,146.2,0.0,43.3,-0.07,-0.05,-1.05,-20.76,Waypoint,-5.2,-75.2,90126.0,115500.0,29.859,46671.23,30.18,0.06,0.041,1.15,81.42,5.23,-0.03,1.2
20260901,115537,25.912740448333334,-80.13766366,-2.0,0.3,122.3,0.0,43.3,-0.06,-0.05,-1.05,-16.46,Waypoint,-5.3,-50.2,90126.0,115501.0,29.861,46610.26,30.13,0.06,0.041,1.13,81.23,5.22,-0.02,1.2
20260901,115538,25.912740516666666,-80.1376697,-2.0,1.5,130.4,0.0,43.3,-0.12,0.13,-1.09,-24.67,Waypoint,-4.0,-74.0,90126.0,115502.0,29.861,46554.27,30.09,0.06,0.041,1.1,81.08,5.21,-0.02,1.2
20260901,115539,25.912738111666666,-80.13767334833334,-2.0,2.4,129.4,0.0,43.3,-0.04,-0.08,-0.82,-29.31,Waypoint,-5.2,-75.2,90126.0,115503.0,29.861,46500.54,30.05,0.06,0.041,1.12,80.99,5.2,-0.04,1.2
20260901,115540,25.912734871666668,-80.13767401166666,-2.2,1.3,146.5,0.0,43.4,-0.13,-0.04,-1.07,-27.33,Waypoint,-5.9,-66.5,90126.0,115504.0,29.858,46412.2,29.99,0.06,0.041,1.11,80.92,5.2,-0.06,1.2
20260901,115541,25.912732745,-80.13767311833334,-2.5,0.2,159.3,0.0,43.4,-0.07,-0.02,-0.96,-15.93,Waypoint,-6.6,-13.3,90126.0,115505.0,29.852,46326.57,29.93,0.06,0.041,1.06,80.91,5.2,-0.08,1.2
20260901,115542,25.912731416666666,-80.137672295,-2.1,0.4,162.9,0.0,43.4,-0.07,0.01,-0.99,-10.56,Waypoint,8.1,-21.2,90126.0,115506.0,29.847,46229.12,29.86,0.06,0.041,1.06,80.96,5.21,-0.1,1.2
20260901,115543,25.91272959166667,-80.13767169833334,-2.7,-0.4,158.0,0.0,43.4,-0.05,-0.02,-1.05,-7.14,Waypoint,11.7,-11.7,90126.0,115507.0,29.839,46140.93,29.79,0.06,0.04,1.05,81.06,5.22,-0.11,1.2
20260901,115544,25.912726896666666,-80.13767091333334,-2.3,0.0,158.9,0.0,43.4,-0.04,0.02,-1.01,-7.29,Waypoint,19.0,-11.0,90126.0,115508.0,29.832,46082.29,29.75,0.06,0.04,1.05,81.25,5.23,-0.12,1.2
20260901,115545,25.912723285,-80.13766964666667,-1.6,-0.2,159.5,0.0,43.3,-0.0,0.02,-0.97,-5.93,Waypoint,24.0,-0.4,90126.0,115509.0,29.826,46021.06,29.71,0.06,0.041,1.03,81.45,5.24,-0.14,1.2
20260901,115546,25.912718191666666,-80.13766775666667,-2.3,0.0,154.8,0.0,43.3,0.0,0.01,-1.03,-1.09,Waypoint,26.0,-19.2,90126.0,115510.0,29.819,45909.82,29.63,0.06,0.04,1.03,81.71,5.26,-0.14,1.2
20260901,115547,25.91271149,-80.13766498,-2.5,-0.2,159.7,0.0,43.3,-0.06,0.03,-1.04,-2.42,Waypoint,31.0,-0.3,90126.0,115511.0,29.813,45901.12,29.62,0.06,0.041,1.02,81.98,5.28,-0.16,1.2
20260901,115548,25.912702681666666,-80.13766104833333,-2.5,-0.3,159.6,0.0,43.3,-0.06,0.01,-1.08,-0.32,Waypoint,33.3,-4.5,90126.0,115512.0,29.81,45926.29,29.64,0.06,0.041,0.98,82.34,5.31,-0.17,1.2
20260901,115549,25.912693425,-80.13765678666667,-1.8,-0.2,161.8,0.0,43.3,-0.04,0.06,-1.05,-1.11,Waypoint,34.0,0.3,90126.0,115513.0,29.81,46011.15,29.7,0.06,0.041,1.03,82.62,5.32,-0.16,1.2
20260901,115550,25.912683483333332,-80.137652115,-1.1,-0.1,163.9,0.0,43.3,-0.02,-0.01,-1.0,-0.36,Waypoint,32.0,4.1,90126.0,115514.0,29.811,46114.71,29.78,0.06,0.041,1.06,82.81,5.33,-0.15,1.2
20260901,115552,25.912673158333334,-80.13764706,-1.6,0.0,159.6,0.0,43.3,-0.02,0.01,-0.98,0.12,Waypoint,34.2,-2.9,90126.0,115515.0,29.812,46198.69,29.84,0.06,0.041,1.05,82.87,5.33,-0.15,1.2
20260901,115552,25.912662553333334,-80.13764189833333,-1.5,-0.1,335.4,0.0,43.3,-0.03,-0.01,-1.02,0.79,Waypoint,14.9,14.9,90126.0,115516.0,29.814,46281.78,29.9,0.06,0.041,1.04,82.86,5.33,-0.14,1.2
20260901,115553,25.912652228333332,-80.13763695,-1.7,-0.1,333.5,0.0,43.3,-0.06,0.01,-0.98,0.32,Waypoint,5.0,5.0,90126.0,115517.0,29.818,46396.31,29.98,0.06,0.041,1.02,82.82,5.33,-0.13,1.2
20260901,115554,25.912643278333334,-80.1376327,-1.1,-0.1,323.5,0.0,43.3,-0.03,-0.0,-0.94,0.61,Waypoint,-0.5,39.2,90126.0,115518.0,29.822,46450.07,30.02,0.06,0.041,1.02,82.7,5.32,-0.11,1.2
20260901,115555,25.912635098333332,-80.13762908166666,-0.5,-0.1,324.2,0.0,43.3,-0.01,0.01,-0.87,5.9,Waypoint,-5.2,75.2,90126.0,115519.0,29.826,46532.93,30.08,0.06,0.041,1.01,82.54,5.31,-0.09,1.2
20260901,115556,25.912626456666665,-80.13762708,-2.2,-1.3,331.1,0.0,43.3,-0.14,0.07,-1.16,17.17,Waypoint,-5.2,75.2,90126.0,115520.0,29.831,46570.63,30.1,0.06,0.04,0.99,82.33,5.29,-0.07,1.2
20260901,115557,25.91261865,-80.13762846833333,-2.8,-1.6,312.2,0.0,43.3,-0.18,0.05,-1.08,21.02,Waypoint,-5.2,75.2,90126.0,115522.0,29.839,46568.82,30.1,0.06,0.039,1.01,81.91,5.26,-0.08,1.2
20260901,115558,25.912612956666667,-80.13763275833334,-2.7,-1.8,296.0,0.0,43.3,-0.06,0.03,-0.84,23.07,Waypoint,-5.8,66.6,90126.0,115522.0,29.839,46567.41,30.1,0.06,0.039,1.03,81.86,5.26,-0.07,1.2
20260901,115559,25.912610573333332,-80.13763714,-2.2,-1.2,269.6,0.0,43.3,-0.05,0.0,-0.98,18.43,Waypoint,-10.0,10.0,90126.0,115523.0,29.842,46556.11,30.09,0.06,0.039,1.05,81.69,5.25,-0.04,1.2
20260901,115600,25.912609578333335,-80.137640555,-2.2,-0.6,263.9,0.0,43.3,-0.04,0.0,-0.98,12.59,Waypoint,-6.4,-6.4,90126.0,115524.0,29.844,46516.51,30.06,0.06,0.039,0.99,81.5,5.24,-0.03,1.2
20260901,115601,25.912609038333333,-80.13764329833333,-2.1,-0.2,263.2,0.0,43.3,-0.02,-0.02,-1.01,7.71,Waypoint,30.1,-39.8,90126.0,115525.0,29.844,46448.57,30.02,0.06,0.038,0.94,81.37,5.23,-0.02,1.2
20260901,115602,25.912608296666665,-80.13764697333333,-1.5,0.4,259.0,0.0,43.3,0.02,0.05,-1.0,-2.36,Waypoint,19.9,-19.9,90126.0,115526.0,29.843,46371.08,29.96,0.05,0.038,0.92,81.31,5.23,-0.03,1.2
20260901,115603,25.912606943333333,-80.13765295666667,-1.9,-0.6,268.8,0.0,43.3,-0.01,-0.01,-0.98,-2.38,Waypoint,34.0,10.7,90126.0,115527.0,29.84,46298.0,29.91,0.05,0.038,0.94,81.32,5.23,-0.04,1.2
20260901,115604,25.9126054,-80.13766058833333,-1.7,-0.7,266.8,0.0,43.3,-0.03,-0.01,-1.01,-0.18,Waypoint,34.0,-0.0,90126.0,115528.0,29.838,46298.09,29.91,0.05,0.037,0.93,81.45,5.24,-0.05,1.2
20260901,115605,25.912603538333332,-80.13766986833333,-2.1,-0.1,260.4,0.0,43.3,-0.02,-0.01,-1.05,-1.47,Waypoint,31.2,-6.4,90126.0,115529.0,29.837,46308.39,29.91,0.05,0.037,0.92,81.59,5.25,-0.05,1.2
20260901,115606,25.912601236666667,-80.137680235,-1.8,-0.9,264.5,0.0,43.3,-0.04,0.05,-1.03,-1.3,Waypoint,33.3,1.5,90126.0,115530.0,29.837,46305.15,29.91,0.05,0.037,0.93,81.72,5.26,-0.05,1.2
20260901,115607,25.912598811666665,-80.13769125666667,-2.0,-1.6,263.2,0.0,43.3,-0.04,0.01,-0.98,-0.62,Waypoint,34.0,0.8,90126.0,115531.0,29.837,46321.13,29.92,0.05,0.037,0.97,81.83,5.26,-0.05,1.2
20260901,115608,25.912596145,-80.13770380333334,-2.2,-0.1,259.3,0.0,43.3,-0.11,-0.03,-1.05,-0.83,Waypoint,32.0,-10.6,90126.0,115532.0,29.838,46321.93,29.92,0.05,0.037,0.99,81.95,5.27,-0.07,1.2
20260901,115609,25.912593678333334,-80.13771536333333,-2.1,-0.6,264.3,0.0,43.3,-0.08,0.02,-1.06,-0.39,Waypoint,33.0,0.2,90126.0,115533.0,29.839,46340.56,29.94,0.05,0.037,0.94,82.05,5.28,-0.09,1.2
20260901,115610,25.912591056666667,-80.13772715666667,-2.5,-0.9,89.9,0.0,43.3,-0.05,0.02,-1.0,-0.45,Waypoint,1.9,1.9,90126.0,115534.0,29.839,46374.45,29.96,0.05,0.037,0.91,82.12,5.28,-0.11,1.2
20260901,115611,25.91258865,-80.13773771,-2.9,-0.7,94.7,0.0,43.3,-0.06,0.01,-1.0,-0.9,Waypoint,-0.8,-10.8,90126.0,115535.0,29.84,46415.69,29.99,0.05,0.037,0.91,82.15,5.28,-0.12,1.2
20260901,115612,25.91258626833333,-80.13774696,-1.7,-0.2,99.6,0.0,43.3,0.01,-0.05,-1.0,-5.88,Waypoint,-1.8,-71.8,90126.0,115536.0,29.841,46460.37,30.02,0.05,0.037,0.89,82.17,5.28,-0.15,1.2
20260901,115613,25.912582438333335,-80.13775534166666,-2.0,0.8,91.3,0.0,43.3,-0.11,-0.07,-1.1,-19.83,Waypoint,-5.2,-75.2,90126.0,115538.0,29.842,46464.6,30.03,0.05,0.037,0.89,82.16,5.28,-0.16,1.2
20260901,115614,25.912576688333335,-80.137760295,-2.6,0.5,108.2,0.0,43.3,0.02,0.04,-0.91,-25.47,Waypoint,-5.2,-75.2,90126.0,115538.0,29.841,46484.6,30.04,0.05,0.037,0.88,82.12,5.28,-0.23,1.2
20260901,115615,25.912571241666665,-80.137761025,-2.9,0.9,131.5,0.0,43.4,-0.15,0.04,-1.0,-26.12,Waypoint,-6.7,-58.5,90126.0,115541.0,29.833,46493.71,30.05,0.05,0.037,0.8,81.9,5.26,-0.28,1.2
20260901,115616,25.912567348333333,-80.13775950666667,-2.9,0.3,145.7,0.0,43.4,-0.06,-0.0,-1.0,-16.58,Waypoint,0.0,0.0,90126.0,115541.0,29.833,46493.71,30.05,0.05,0.037,0.8,81.9,5.26,-0.28,1.2
20260901,115617,25.912564773333333,-80.13775767166666,-2.6,-0.1,157.8,0.0,43.4,-0.06,0.02,-0.99,-9.83,Waypoint,2.5,25.4,90126.0,115542.0,29.828,46467.67,30.03,0.05,0.037,0.79,81.71,5.25,-0.29,1.2
20260901,115618,25.912562536666666,-80.13775574666667,-2.0,-0.3,161.0,0.0,43.4,-0.01,0.06,-1.01,-2.35,Waypoint,30.9,32.5,90126.0,115543.0,29.822,46435.9,30.01,0.05,0.036,0.75,81.59,5.25,-0.31,1.2
20260901,115619,25.912558213333334,-80.137752935,-2.0,0.3,159.5,0.0,43.4,-0.03,0.0,-0.97,2.38,Waypoint,8.6,8.6,90126.0,115544.0,29.818,46417.11,29.99,0.05,0.036,0.76,81.45,5.24,-0.33,1.2
20260901,115620,25.912553355,-80.13775000833333,-1.7,0.3,160.0,0.0,43.4,0.07,0.01,-0.98,0.79,Waypoint,31.0,-6.6,90126.0,115545.0,29.816,46423.68,30.0,0.05,0.037,0.77,81.39,5.23,-0.34,1.2
20260901,115621,25.91254704,-80.13774617666667,-1.9,-0.1,153.3,0.0,43.3,-0.0,0.02,-1.0,-1.77,Waypoint,32.0,-8.7,90126.0,115546.0,29.817,46434.64,30.01,0.05,0.037,0.8,81.34,5.23,-0.34,1.2
20260901,115622,25.912539321666667,-80.13774136666666,-2.0,-0.1,153.5,0.0,43.3,0.04,0.02,-1.02,-1.42,Waypoint,33.1,-5.2,90126.0,115547.0,29.821,46453.93,30.02,0.05,0.037,0.8,81.32,5.23,-0.36,1.2
20260901,115623,25.912531008333332,-80.137735815,-1.8,-0.1,165.9,0.0,43.3,-0.03,-0.01,-1.0,-0.73,Waypoint,34.0,3.7,90126.0,115548.0,29.827,46472.77,30.03,0.05,0.037,0.78,81.31,5.23,-0.38,1.2
20260901,115624,25.912522115,-80.13772978833333,-1.7,-0.2,161.8,0.0,43.3,-0.04,-0.0,-0.97,1.19,Waypoint,29.0,8.2,90126.0,115549.0,29.831,46484.56,30.04,0.05,0.038,0.8,81.31,5.23,-0.38,1.2
20260901,115625,25.91251284333333,-80.13772386166667,-1.3,-0.0,166.1,0.0,43.3,-0.03,-0.01,-0.0,1.19,Waypoint,33.7,8.3,90126.0,115550.0,29.836,46511.02,30.06,0.05,0.038,0.77,81.3,5.22,-0.37,1.2
20260901,115627,25.912503108333333,-80.13771765833333,-2.2,-0.2,156.9,0.0,43.3,-0.0,0.01,-1.01,0.37,Waypoint,31.7,3.1,90126.0,115551.0,29.841,46566.42,30.1,0.06,0.038,0.78,81.29,5.22,-0.35,1.2
20260901,115627,25.912493353333332,-80.13771140333333,-2.1,-0.2,159.3,0.0,43.3,-0.04,-0.01,-1.0,-0.4,Waypoint,34.3,1.3,90126.0,115552.0,29.85,46617.95,30.14,0.06,0.038,0.77,81.28,5.22,-0.34,1.2
20260901,115628,25.912483726666668,-80.13770529833333,-2.7,-0.1,359.8,0.0,43.3,-0.06,0.01,-0.98,0.14,Waypoint,4.8,-4.8,90126.0,115553.0,29.857,46639.71,30.15,0.06,0.038,0.76,81.28,5.22,-0.34,1.2
20260901,115629,25.912474746666668,-80.13769951,-2.7,-0.1,15.2,0.0,43.3,-0.01,0.03,-0.97,-1.97,Waypoint,-0.4,-45.3,90126.0,115554.0,29.868,46670.51,30.18,0.06,0.038,0.75,81.29,5.22,-0.33,1.2
20260901,115630,25.912467545,-80.13769393833333,-2.2,0.5,21.0,0.0,43.4,-0.02,-0.13,-0.88,-12.24,Waypoint,-5.2,-75.2,90126.0,115555.0,29.878,46681.7,30.18,0.06,0.038,0.74,81.31,5.22,-0.32,1.2
20260901,115631,25.912462581666666,-80.13768661,-2.4,0.9,27.3,0.0,43.4,-0.07,0.02,-1.0,-25.42,Waypoint,-5.2,-75.2,90126.0,115556.0,29.885,46670.8,30.17,0.06,0.038,0.73,81.3,5.22,-0.32,1.2
20260901,115632,25.912461585,-80.13767981,-2.1,0.6,57.9,0.0,43.4,-0.07,-0.12,-1.0,-21.12,Waypoint,-7.9,-49.3,90126.0,115557.0,29.888,46634.75,30.15,0.06,0.038,0.71,81.3,5.22,-0.32,1.2
20260901,115633,25.912462451666666,-80.13767507333333,-1.6,0.1,76.4,0.0,43.4,-0.04,-0.01,-0.97,-14.67,Waypoint,0.0,0.0,90126.0,115558.0,29.888,46574.71,30.11,0.06,0.038,0.71,81.29,5.22,-0.32,1.2
20260901,115634,25.912463516666666,-80.13767158833333,-2.0,0.1,82.8,0.0,43.4,-0.04,0.05,-0.98,-7.33,Waypoint,-0.2,42.7,90126.0,115559.0,29.883,46526.08,30.07,0.06,0.038,0.72,81.28,5.22,-0.32,1.2
20260901,115635,25.912464458333332,-80.13766852,-1.5,0.4,87.0,0.0,43.4,-0.02,-0.02,-1.04,0.7,Waypoint,21.2,45.5,90126.0,115600.0,29.876,46491.38,30.05,0.06,0.038,0.69,81.27,5.22,-0.32,1.2
20260901,115636,25.912465740000002,-80.13766328333334,-1.7,-0.2,85.4,0.0,43.4,-0.03,0.0,-1.04,0.7,Waypoint,16.5,5.6,90126.0,115601.0,29.867,46470.06,30.03,0.06,0.038,0.71,81.28,5.22,-0.32,1.2
20260901,115637,25.912467051666667,-80.13765669333333,-1.6,-0.4,86.3,0.0,43.4,-0.03,-0.0,-1.0,3.08,Waypoint,27.0,6.7,90126.0,115602.0,29.861,46458.16,30.02,0.06,0.038,0.75,81.29,5.22,-0.31,1.2
20260901,115638,25.912468475,-80.1376487,-2.2,0.4,79.2,0.0,43.4,-0.06,0.01,-1.02,1.77,Waypoint,34.0,-3.7,90126.0,115603.0,29.854,46441.3,30.01,0.06,0.039,0.78,81.29,5.22,-0.29,1.2
20260901,115639,25.912470305,-80.13763832166667,-1.6,0.3,81.1,0.0,43.3,-0.02,-0.0,-1.02,0.0,Waypoint,34.0,7.5,90126.0,115604.0,29.849,46414.87,29.99,0.06,0.039,0.79,81.3,5.22,-0.29,1.2
20260901,115640,25.912472325,-80.13762747166666,-1.5,-0.4,78.0,0.0,43.3,-0.06,0.05,-1.0,0.5,Waypoint,33.0,-0.9,90126.0,115605.0,29.846,46409.7,29.99,0.06,0.04,0.82,81.33,5.23,-0.31,1.2
20260901,115641,25.912474471666666,-80.13761574166666,-1.9,-0.5,78.8,0.0,43.3,-0.01,0.01,-0.95,-0.37,Waypoint,33.0,4.0,90126.0,115606.0,29.844,46416.01,29.99,0.06,0.04,0.83,81.36,5.23,-0.3,1.2
20260901,115642,25.912476721666668,-80.137603555,-1.9,0.1,80.3,0.0,43.3,-0.04,-0.02,-1.05,0.37,Waypoint,34.0,3.6,90126.0,115607.0,29.843,46426.57,30.0,0.06,0.04,0.85,81.39,5.23,-0.28,1.2
20260901,115644,25.912478958333335,-80.13759111333333,-1.9,0.3,76.6,0.0,43.3,-0.05,0.02,-1.09,0.26,Waypoint,32.0,-2.9,90126.0,115608.0,29.841,46440.03,30.01,0.06,0.04,0.87,81.4,5.23,-0.26,1.2
20260901,115644,25.91248126,-80.13757881666666,-1.9,-0.1,217.8,0.0,43.3,-0.04,-0.02,-0.98,-0.37,Waypoint,4.6,4.6,90126.0,115609.0,29.84,46483.23,30.04,0.06,0.04,0.92,81.42,5.23,-0.24,1.2
20260901,115645,25.91248345,-80.13756750833333,-2.5,-0.3,217.6,0.0,43.3,-0.06,0.01,-0.98,-0.83,Waypoint,-0.8,31.7,90126.0,115610.0,29.841,46519.57,30.07,0.06,0.04,0.93,81.44,5.23,-0.23,1.2
20260901,115646,25.912485176666667,-80.13755761333333,-1.7,-0.5,209.4,0.0,43.3,-0.08,0.05,-0.96,6.51,Waypoint,-4.3,74.3,90126.0,115611.0,29.843,46549.03,30.09,0.06,0.04,0.98,81.45,5.23,-0.22,1.2
20260901,115648,25.91248527,-80.13754773333334,-2.0,-1.1,204.2,0.0,43.3,0.09,-0.01,-1.08,17.48,Waypoint,-5.2,75.2,90126.0,115612.0,29.846,46552.66,30.09,0.06,0.04,0.99,81.47,5.23,-0.2,1.2
20260901,115648,25.912482195,-80.13753922666666,-2.9,-1.2,174.1,0.0,43.3,-0.13,0.29,-1.23,21.41,Waypoint,-6.3,62.6,90126.0,115613.0,29.85,46539.31,30.08,0.06,0.039,1.02,81.48,5.23,-0.19,1.2
20260901,115649,25.912476891666667,-80.137533445,-2.9,-0.7,158.5,0.0,43.3,-0.08,-0.01,-0.98,14.98,Waypoint,-2.2,2.2,90126.0,115614.0,29.852,46540.6,30.08,0.06,0.039,1.02,81.5,5.24,-0.18,1.2
20260901,115650,25.912472405,-80.13753000166666,-1.9,-0.2,143.3,0.0,43.3,-0.04,0.01,-0.96,6.51,Waypoint,-0.0,-11.3,90126.0,115615.0,29.853,46530.45,30.07,0.06,0.039,1.01,81.52,5.24,-0.17,1.2
20260901,115651,25.912468251666667,-80.13752716,-1.5,-0.1,147.0,0.0,43.3,-0.04,0.1,-0.88,0.67,Waypoint,6.8,-6.8,90126.0,115616.0,29.853,46540.27,30.08,0.06,0.038,1.02,81.55,5.24,-0.16,1.2
20260901,115653,25.912464101666668,-80.13752393833333,-1.9,-0.3,146.7,0.0,43.3,-0.04,0.0,-0.99,-1.17,Waypoint,34.0,9.2,90126.0,115617.0,29.854,46584.2,30.11,0.05,0.038,1.04,81.59,5.24,-0.15,1.2
20260901,115654,25.912458978333333,-80.13751988166666,-1.9,-0.8,146.5,0.0,43.3,-0.04,0.03,-1.07,1.06,Waypoint,34.0,1.2,90126.0,115618.0,29.856,46614.44,30.14,0.05,0.038,1.08,81.6,5.24,-0.13,1.2
20260901,115655,25.912452151666667,-80.13751464,-2.3,-0.8,147.0,0.0,43.3,-0.03,0.01,-1.03,0.39,Waypoint,34.4,8.0,90126.0,115619.0,29.856,46623.12,30.14,0.05,0.038,1.09,81.57,5.24,-0.12,1.2
20260901,115656,25.912443998333334,-80.13750840666667,-2.2,-0.5,142.9,0.0,43.3,-0.02,-0.02,-1.03,-0.61,Waypoint,32.0,0.4,90126.0,115620.0,29.856,46628.07,30.14,0.06,0.038,1.09,81.53,5.24,-0.11,1.2
20260901,115657,25.91243516,-80.137501465,-2.7,-0.4,143.6,0.0,43.3,0.01,-0.03,-1.09,-0.76,Waypoint,32.0,0.1,90126.0,115621.0,29.855,46635.96,30.15,0.06,0.039,1.09,81.49,5.23,-0.1,1.2
20260901,115658,25.912426025,-80.137494205,-2.0,-0.4,149.4,0.0,43.3,-0.03,0.01,-1.05,0.34,Waypoint,32.6,11.9,90126.0,115622.0,29.855,46617.29,30.14,0.06,0.039,1.09,81.46,5.23,-0.09,1.2
20260901,115659,25.912416608333334,-80.13748672833333,-1.0,-0.3,145.7,0.0,43.3,-0.01,-0.02,-0.98,-0.54,Waypoint,34.0,1.2,90126.0,115623.0,29.855,46604.66,30.13,0.06,0.039,1.1,81.43,5.23,-0.09,1.2
20260901,115700,25.912406255,-80.137478565,-0.7,-0.4,335.1,0.0,43.3,-0.04,0.0,-0.9,-0.59,Waypoint,4.5,-4.5,90126.0,115624.0,29.855,46605.3,30.13,0.06,0.039,1.07,81.41,5.23,-0.08,1.2
20260901,115701,25.912397941666665,-80.13747190333333,-0.6,-0.4,325.6,0.0,43.3,-0.02,0.0,-0.79,-0.02,Waypoint,5.0,5.0,90126.0,115625.0,29.855,46614.98,30.14,0.06,0.039,1.05,81.38,5.23,-0.06,1.2
20260901,115702,25.912390678333335,-80.13746605833333,-1.0,-0.7,317.4,0.0,43.3,-0.03,0.02,-0.83,0.62,Waypoint,-0.7,27.2,90126.0,115626.0,29.854,46624.81,30.14,0.06,0.039,1.09,81.37,5.22,-0.07,1.2
20260901,115703,25.912383983333335,-80.13746106166667,-1.0,-0.9,311.4,0.0,43.4,-0.06,0.04,-0.89,6.6,Waypoint,-3.4,73.4,90126.0,115627.0,29.854,46630.81,30.15,0.06,0.039,1.09,81.36,5.22,-0.07,1.2
20260901,115704,25.912376386666665,-80.137457465,-1.0,-1.6,323.2,0.0,43.4,-0.11,0.1,-0.9,17.4,Waypoint,-5.2,75.2,90126.0,115628.0,29.855,46605.93,30.13,0.06,0.039,1.06,81.34,5.22,-0.07,1.2
20260901,115705,25.912368916666665,-80.13745707,-1.5,-1.8,319.0,0.0,43.4,-0.2,0.17,-1.19,25.25,Waypoint,-5.2,75.2,90126.0,115629.0,29.856,46528.36,30.07,0.06,0.038,1.03,81.34,5.22,-0.06,1.2
20260901,115706,25.91236335,-80.13745967,-0.4,-0.6,298.6,0.0,43.4,-0.03,0.03,-0.86,25.3,Waypoint,-5.2,75.2,90126.0,115630.0,29.856,46432.41,30.0,0.06,0.038,1.0,81.35,5.23,-0.06,1.2
20260901,115707,25.912359905,-80.13746350166667,-1.9,-0.6,280.4,0.0,43.4,-0.07,0.05,-1.02,20.9,Waypoint,-4.6,57.6,90126.0,115631.0,29.853,46328.09,29.93,0.05,0.038,0.99,81.41,5.23,-0.07,1.2
20260901,115708,25.912358338333334,-80.13746714166666,-2.2,-1.6,275.5,0.0,43.4,-0.07,0.03,-1.0,12.45,Waypoint,4.0,4.0,90126.0,115632.0,29.85,46257.04,29.88,0.05,0.037,0.96,81.53,5.24,-0.08,1.2
20260901,115709,25.912357675,-80.13746993166667,-2.1,-2.2,262.1,0.0,43.4,-0.04,0.04,-0.97,7.73,Waypoint,21.6,-10.9,90126.0,115633.0,29.846,46187.76,29.83,0.05,0.037,0.94,81.72,5.26,-0.06,1.2
20260901,115710,25.91235710666667,-80.13747320833333,-1.8,-0.0,258.5,0.0,43.4,-0.04,0.03,-1.05,2.01,Waypoint,33.0,-14.0,90126.0,115634.0,29.841,46101.77,29.76,0.05,0.036,0.9,81.9,5.27,0.0,1.2
20260901,115711,25.91235592,-80.13747848333334,-1.5,0.9,264.3,0.0,43.4,0.0,-0.03,-1.07,-0.16,Waypoint,33.4,6.6,90126.0,115635.0,29.836,46069.35,29.74,0.05,0.036,0.89,82.17,5.29,0.02,1.2
20260901,115712,25.912354278333332,-80.13748602166666,-1.4,-1.1,256.8,0.0,43.4,-0.05,0.02,-0.98,1.0,Waypoint,35.3,6.8,90126.0,115636.0,29.835,46065.84,29.74,0.05,0.036,0.93,82.43,5.31,0.02,1.2
20260901,115713,25.9123524,-80.137495365,-1.4,-0.2,258.6,0.0,43.4,0.04,0.0,-1.01,0.84,Waypoint,33.6,2.3,90126.0,115637.0,29.838,46073.2,29.74,0.05,0.036,0.9,82.75,5.33,0.01,1.2
20260901,115714,25.912350141666668,-80.13750577666667,-1.4,-0.0,260.0,0.0,43.4,-0.01,-0.05,-0.98,-0.48,Waypoint,33.0,3.2,90126.0,115638.0,29.843,46078.72,29.75,0.05,0.037,0.85,83.02,5.34,-0.01,1.2
20260901,115715,25.912347676666666,-80.13751653333334,-1.5,-0.0,262.8,0.0,43.4,-0.02,-0.02,-1.01,0.1,Waypoint,34.0,9.4,90126.0,115639.0,29.851,46080.28,29.75,0.05,0.037,0.87,83.32,5.36,-0.01,1.2
20260901,115716,25.91234515,-80.13752764,-1.5,0.4,260.1,0.0,43.4,-0.03,-0.0,-1.01,0.07,Waypoint,34.4,6.3,90126.0,115640.0,29.857,46085.45,29.75,0.05,0.037,0.89,83.56,5.38,-0.02,1.2
20260901,115717,25.912342535,-80.13753905833333,-1.7,0.1,261.8,0.0,43.4,0.0,0.01,-0.98,0.27,Waypoint,34.0,7.1,90126.0,115641.0,29.864,46109.78,29.77,0.05,0.037,0.89,83.82,5.39,-0.03,1.2
20260901,115718,25.912339908333333,-80.13755088166667,-1.7,-0.9,259.1,0.0,43.4,-0.02,-0.02,-0.99,-0.06,Waypoint,33.0,3.9,90126.0,115642.0,29.87,46184.55,29.82,0.05,0.037,0.9,84.08,5.41,-0.02,1.2
20260901,115719,25.912337303333334,-80.13756255,-2.4,-0.2,96.2,0.0,43.4,-0.07,-0.02,-1.0,-1.13,Waypoint,4.6,-4.6,90126.0,115643.0,29.878,46264.68,29.88,0.05,0.037,0.91,84.23,5.42,-0.03,1.2
20260901,115720,25.912334568333332,-80.13757373166666,-2.6,-0.3,101.3,0.0,43.4,-0.05,-0.01,-1.0,-1.19,Waypoint,-0.6,-35.7,90126.0,115644.0,29.887,46359.38,29.95,0.05,0.037,0.93,84.39,5.42,-0.04,1.2
20260901,115721,25.912331876666666,-80.13758276333333,-1.7,-0.2,105.9,0.0,43.4,0.02,0.06,-1.03,-11.1,Waypoint,-5.1,-75.1,90126.0,115645.0,29.899,46433.77,30.0,0.05,0.037,0.98,84.54,5.43,-0.02,1.2
20260901,115722,25.91232723,-80.13759017333334,-2.5,1.1,103.1,0.0,43.4,-0.06,-0.05,-0.96,-23.74,Waypoint,-5.2,-75.2,90126.0,115646.0,29.911,46518.05,30.06,0.05,0.037,1.0,84.63,5.43,-0.04,1.2
20260901,115723,25.912321353333333,-80.13759336,-1.2,1.5,114.5,0.0,43.4,-0.07,-0.06,-0.96,-26.32,Waypoint,-5.2,-75.2,90126.0,115647.0,29.926,46581.49,30.11,0.05,0.037,1.0,84.72,5.44,-0.06,1.2
20260901,115724,25.912316523333335,-80.13759293666666,-1.5,1.0,149.8,0.0,43.4,-0.06,-0.02,-1.0,-21.39,Waypoint,-10.1,-35.2,90126.0,115648.0,29.94,46619.34,30.14,0.05,0.037,1.02,84.78,5.44,-0.09,1.2
20260901,115725,25.912313511666667,-80.137591295,-1.9,-0.3,161.3,0.0,43.5,-0.04,-0.0,-0.98,-13.41,Waypoint,0.0,0.0,90126.0,115649.0,29.953,46614.02,30.13,0.05,0.037,1.06,84.81,5.44,-0.17,1.2
20260901,115726,25.912311366666668,-80.13758965333334,-2.7,-0.2,168.1,0.0,43.5,-0.05,0.02,-1.06,-6.12,Waypoint,1.5,54.3,90126.0,115650.0,29.96,46604.43,30.12,0.05,0.037,1.04,84.87,5.44,-0.18,1.2
20260901,115727,25.912309076666666,-80.13758833666667,-1.8,-0.0,164.4,0.0,43.5,0.03,-0.04,-0.96,2.89,Waypoint,19.1,19.1,90126.0,115651.0,29.965,46612.39,30.13,0.05,0.037,1.04,84.96,5.45,-0.19,1.2
20260901,115728,25.912304518333332,-80.13758617,-2.7,-0.2,159.0,0.0,43.4,-0.04,-0.01,-1.03,1.41,Waypoint,34.0,-2.3,90126.0,115652.0,29.968,46615.46,30.13,0.05,0.037,1.07,85.05,5.45,-0.19,1.2
20260901,115729,25.912299061666666,-80.13758367833333,-2.5,-0.5,161.4,0.0,43.4,-0.04,0.03,-1.07,-0.87,Waypoint,32.7,6.7,90126.0,115653.0,29.972,46639.38,30.15,0.05,0.037,1.07,85.14,5.46,-0.18,1.2
20260901,115730,25.91229116,-80.13758002166666,-2.6,-0.5,160.5,0.0,43.4,-0.06,0.01,-1.02,-0.65,Waypoint,35.3,-1.9,90126.0,115654.0,29.976,46664.73,30.17,0.05,0.037,1.09,85.26,5.46,-0.18,1.2
20260901,115731,25.91228266,-80.13757610333333,-1.8,-0.4,158.6,0.0,43.4,-0.02,0.02,-0.98,0.66,Waypoint,32.0,-4.3,90126.0,115655.0,29.979,46684.28,30.18,0.05,0.037,1.08,85.33,5.47,-0.19,1.2
20260901,115732,25.912273271666667,-80.13757182833334,-1.9,-0.3,158.3,0.0,43.4,0.01,0.02,-0.98,-0.08,Waypoint,31.0,-2.3,90126.0,115656.0,29.981,46691.75,30.19,0.05,0.038,1.03,85.4,5.47,-0.21,1.2
20260901,115733,25.912263486666667,-80.13756729833334,-2.6,-0.3,161.1,0.0,43.4,-0.05,-0.02,-1.04,-0.6,Waypoint,34.0,5.6,90126.0,115657.0,29.982,46696.73,30.19,0.05,0.038,1.04,85.42,5.47,-0.2,1.2
20260901,115734,25.912253455,-80.13756251833334,-1.8,-0.2,159.7,0.0,43.4,-0.03,0.05,-1.05,0.19,Waypoint,33.0,-0.1,90126.0,115658.0,29.981,46686.0,30.18,0.05,0.038,1.01,85.41,5.47,-0.21,1.2
20260901,115735,25.912243241666665,-80.13755766166666,-1.3,-0.2,161.8,0.0,43.4,-0.0,0.01,-0.95,0.45,Waypoint,34.0,2.8,90126.0,115659.0,29.981,46680.96,30.18,0.05,0.038,1.01,85.38,5.47,-0.22,1.2
20260901,115736,25.912232796666668,-80.13755265166667,-1.8,-0.2,161.7,0.0,43.4,-0.02,0.01,-0.96,0.13,Waypoint,34.0,4.3,90126.0,115700.0,29.978,46685.14,30.18,0.05,0.038,0.98,85.34,5.47,-0.21,1.2
20260901,115737,25.912222286666665,-80.13754758166667,-2.6,-0.2,161.2,0.0,43.4,-0.05,0.03,-1.04,-0.16,Waypoint,30.0,5.4,90126.0,115701.0,29.977,46690.39,30.19,0.05,0.038,1.0,85.27,5.46,-0.21,1.2
20260901,115738,25.912212241666666,-80.13754262666667,-3.2,-0.2,10.2,0.0,43.4,-0.08,0.01,-1.03,-0.59,Waypoint,5.0,-5.0,90126.0,115702.0,29.973,46704.07,30.2,0.05,0.037,1.01,85.19,5.46,-0.21,1.2
20260901,115739,25.912203771666668,-80.137538285,-2.6,-0.1,17.8,0.0,43.4,-0.06,0.0,-1.0,-2.07,Waypoint,-0.4,-57.7,90126.0,115703.0,29.971,46706.58,30.2,0.05,0.037,0.98,85.06,5.45,-0.22,1.2
20260901,115740,25.912195453333332,-80.13753304833334,-2.6,0.5,20.7,0.0,43.4,-0.11,-0.05,-1.04,-12.75,Waypoint,-5.2,-75.2,90126.0,115704.0,29.966,46673.0,30.17,0.05,0.038,0.97,84.91,5.44,-0.23,1.2
20260901,115741,25.912189981666668,-80.137526215,-3.7,1.4,29.5,0.0,43.4,-0.07,-0.02,-1.31,-23.59,Waypoint,-5.2,-75.2,90126.0,115705.0,29.961,46623.57,30.14,0.05,0.038,0.97,84.71,5.43,-0.23,1.2
20260901,115742,25.91218872,-80.13751968666666,-2.6,1.4,63.9,0.0,43.5,-0.18,0.03,-1.06,-21.7,Waypoint,-9.4,-41.0,90126.0,115706.0,29.945,46494.45,30.05,0.05,0.038,0.98,84.54,5.42,-0.23,1.2
20260901,115743,25.912189415,-80.137515045,-2.0,0.9,84.7,0.0,43.5,-0.05,-0.01,-0.97,-13.06,Waypoint,0.0,0.0,90126.0,115707.0,29.926,46375.09,29.96,0.06,0.038,1.03,84.38,5.42,-0.24,1.2
20260901,115744,25.912190406666667,-80.13751161,-2.1,0.2,89.8,0.0,43.5,-0.03,0.0,-1.0,-8.33,Waypoint,-0.1,51.1,90126.0,115708.0,29.909,46289.13,29.9,0.06,0.038,1.02,84.31,5.41,-0.25,1.2
20260901,115745,25.912191263333334,-80.13750879333334,-1.7,-0.4,91.7,0.0,43.5,0.01,0.08,-0.98,0.13,Waypoint,21.4,44.1,90126.0,115709.0,29.892,46224.18,29.85,0.06,0.038,1.02,84.28,5.42,-0.25,1.2
20260901,115746,25.9121921,-80.13750397833333,-1.9,-1.1,85.8,0.0,43.5,-0.04,0.0,-0.99,5.54,Waypoint,4.6,4.6,90126.0,115710.0,29.879,46182.76,29.82,0.06,0.038,1.04,84.29,5.42,-0.25,1.2
20260901,115747,25.912192798333333,-80.13749808833333,-1.5,-1.5,81.2,0.0,43.5,-0.02,0.07,-0.97,1.7,Waypoint,35.5,-13.1,90126.0,115711.0,29.867,46147.56,29.8,0.06,0.038,1.06,84.32,5.42,-0.24,1.2
20260901,115748,25.912193608333332,-80.13749112333333,-1.7,-1.1,77.2,0.0,43.4,-0.03,0.03,-1.0,-1.54,Waypoint,30.0,-4.6,90126.0,115712.0,29.859,46134.34,29.79,0.06,0.039,1.06,84.36,5.43,-0.24,1.2
20260901,115749,25.912194795,-80.13748230666667,-1.8,-0.0,72.8,0.0,43.4,0.0,0.02,-1.01,-1.14,Waypoint,27.0,-13.6,90126.0,115713.0,29.851,46127.53,29.78,0.06,0.039,1.02,84.43,5.43,-0.23,1.2
20260901,115750,25.912196588333334,-80.137471065,-1.9,0.4,76.8,0.0,43.4,-0.03,0.01,-1.04,0.35,Waypoint,32.1,-3.5,90126.0,115714.0,29.846,46123.73,29.78,0.06,0.039,1.03,84.48,5.44,-0.24,1.2
20260901,115751,25.91219849166667,-80.13746000666667,-1.6,-0.4,77.1,0.0,43.4,0.01,0.02,-0.99,-1.06,Waypoint,32.0,1.6,90126.0,115715.0,29.842,46124.46,29.78,0.06,0.039,1.03,84.55,5.44,-0.24,1.2
20260901,115752,25.912200555,-80.13744840833333,-1.6,-1.0,79.0,0.0,43.4,-0.0,0.05,-0.97,-0.67,Waypoint,34.0,5.8,90126.0,115716.0,29.84,46115.11,29.77,0.06,0.039,1.01,84.6,5.44,-0.22,1.2
20260901,115753,25.912202666666666,-80.13743639833334,-2.1,-0.7,78.2,0.0,43.4,-0.03,0.04,-0.97,-0.93,Waypoint,32.8,6.7,90126.0,115717.0,29.837,46135.97,29.79,0.06,0.039,1.0,84.65,5.45,-0.21,1.2
20260901,115754,25.91220486,-80.13742416166667,-2.2,0.0,78.8,0.0,43.4,-0.06,0.03,-1.04,-0.65,Waypoint,32.8,6.7,90126.0,115718.0,29.838,46199.98,29.84,0.06,0.039,0.94,84.7,5.45,-0.2,1.2
20260901,115755,25.912207195,-80.13741178833334,-2.1,-0.2,79.9,0.0,43.4,-0.03,0.02,-1.04,-0.13,Waypoint,33.0,11.8,90126.0,115719.0,29.843,46278.21,29.89,0.06,0.039,0.94,84.74,5.45,-0.2,1.2
20260901,115756,25.912209484999998,-80.13739935833334,-1.9,-0.5,77.2,0.0,43.4,-0.05,0.04,-1.02,-0.44,Waypoint,34.0,5.2,90126.0,115720.0,29.852,46368.26,29.96,0.06,0.039,0.93,84.74,5.45,-0.18,1.2
20260901,115757,25.912211875,-80.13738709,-1.8,-0.3,80.0,0.0,43.4,-0.02,-0.01,-0.98,0.19,Waypoint,33.0,13.2,90126.0,115721.0,29.865,46419.36,29.99,0.06,0.039,0.93,84.72,5.44,-0.18,1.2
20260901,115758,25.912214265,-80.13737468,-1.7,-0.7,75.3,0.0,43.4,-0.04,0.03,-0.92,-0.84,Waypoint,33.0,3.7,90126.0,115722.0,29.875,46449.25,30.01,0.06,0.039,0.91,84.67,5.44,-0.17,1.2
20260901,115759,25.912216771666667,-80.137362235,-1.8,-0.4,73.3,0.0,43.4,-0.04,0.0,-0.97,-0.97,Waypoint,32.0,0.6,90126.0,115723.0,29.884,46462.11,30.02,0.06,0.039,0.9,84.6,5.43,-0.17,1.2
20260901,115800,25.912219525,-80.13734943333333,-2.6,-0.4,214.1,0.0,43.4,-0.06,0.03,-0.97,-1.17,Waypoint,4.6,4.6,90126.0,115724.0,29.89,46474.3,30.03,0.06,0.039,0.93,84.54,5.43,-0.16,1.2
20260901,115801,25.91222166,-80.13733951333333,-1.7,-1.3,211.1,0.0,43.5,-0.03,0.06,-0.96,2.49,Waypoint,-0.3,59.9,90126.0,115725.0,29.895,46464.46,30.03,0.06,0.039,0.92,84.49,5.43,-0.16,1.2
20260901,115802,25.912222706666668,-80.13732973833334,-1.5,-1.8,208.2,0.0,43.4,-0.03,0.07,-0.98,13.06,Waypoint,-5.2,75.2,90126.0,115726.0,29.897,46443.49,30.01,0.06,0.039,0.94,84.44,5.42,-0.15,1.2
20260901,115803,25.912221033333335,-80.13732026666666,-2.5,-1.0,197.0,0.0,43.4,-0.14,0.0,-0.99,20.48,Waypoint,-5.2,75.2,90126.0,115727.0,29.896,46399.71,29.98,0.06,0.039,0.93,84.39,5.42,-0.17,1.2
20260901,115804,25.912216991666668,-80.13731353166666,-2.7,-0.0,165.0,0.0,43.4,-0.03,-0.01,-1.02,16.01,Waypoint,-7.2,51.2,90126.0,115728.0,29.894,46347.14,29.94,0.06,0.039,0.9,84.36,5.42,-0.17,1.2
20260901,115805,25.912212868333334,-80.13730944166667,-2.3,0.6,156.5,0.0,43.4,-0.05,-0.03,-1.02,8.76,Waypoint,6.0,51.2,90126.0,115729.0,29.891,46292.1,29.9,0.06,0.039,0.95,84.32,5.42,-0.18,1.2
20260901,115806,25.91220914,-80.137306295,-2.1,0.4,151.0,0.0,43.4,-0.03,0.0,-1.0,4.12,Waypoint,12.4,12.4,90126.0,115730.0,29.888,46257.58,29.88,0.06,0.039,0.93,84.3,5.42,-0.19,1.2
20260901,115807,25.912205411666665,-80.13730326666666,-1.5,0.1,150.2,0.0,43.4,-0.01,0.03,-0.99,1.71,Waypoint,28.0,16.1,90126.0,115731.0,29.886,46222.15,29.85,0.06,0.039,0.98,84.3,5.42,-0.2,1.2
20260901,115808,25.912200628333334,-80.13729942166667,-1.6,-0.1,148.0,0.0,43.4,0.01,-0.02,-0.98,1.94,Waypoint,31.0,7.5,90126.0,115732.0,29.884,46201.1,29.84,0.06,0.039,1.01,84.32,5.42,-0.2,1.2
20260901,115809,25.912194201666665,-80.13729439833334,-1.5,-0.2,143.8,0.0,43.4,-0.01,0.02,-0.97,0.11,Waypoint,34.0,2.5,90126.0,115733.0,29.881,46179.08,29.82,0.06,0.039,1.0,84.33,5.42,-0.21,1.2
20260901,115810,25.912185493333332,-80.13728775166666,-1.6,-0.2,146.9,0.0,43.4,-0.02,-0.02,-0.98,1.71,Waypoint,33.0,6.4,90126.0,115734.0,29.875,46167.93,29.81,0.06,0.039,0.97,84.33,5.42,-0.21,1.2
20260901,115811,0.0,0.0,-2.0,-0.3,148.0,0.0,43.5,0.0,-0.03,-1.02,0.34,Waypoint,33.0,7.5,90126.0,115735.0,29.87,46165.72,29.81,0.06,0.039,0.98,84.3,5.42,-0.22,1.2
20260901,115812,25.912167556666667,-80.13727397166667,-1.9,-0.3,150.5,0.0,43.5,-0.03,0.02,-1.02,0.62,Waypoint,30.3,9.4,90126.0,115736.0,29.866,46162.63,29.81,0.06,0.039,0.94,84.27,5.42,-0.23,1.2
20260901,115813,25.912158288333334,-80.13726686,-1.4,-0.2,145.6,0.0,43.5,-0.01,0.02,-0.96,0.45,Waypoint,34.0,4.6,90126.0,115737.0,29.862,46156.01,29.8,0.06,0.039,0.93,84.22,5.42,-0.24,1.2
20260901,115814,25.912148775,-80.13725943333333,-2.6,0.0,142.2,0.0,43.5,-0.03,-0.03,-1.0,-0.98,Waypoint,30.9,6.7,90126.0,115738.0,29.859,46159.78,29.81,0.06,0.039,0.96,84.18,5.41,-0.25,1.2
20260901,115815,25.912139401666668,-80.13725193333333,-2.9,-0.4,142.8,0.0,43.5,-0.04,0.02,-1.06,0.84,Waypoint,35.2,7.2,90126.0,115739.0,29.858,46167.93,29.81,0.06,0.039,1.01,84.16,5.41,-0.25,1.2
20260901,115816,25.912130276666666,-80.13724482,-3.4,-0.2,332.0,0.0,43.5,-0.07,-0.0,-1.05,-0.77,Waypoint,4.8,-4.8,90126.0,115740.0,29.858,46196.59,29.83,0.06,0.039,0.98,84.17,5.41,-0.25,1.2
20260901,115817,25.912122505,-80.13723849333333,-2.6,-0.2,322.9,0.0,43.5,-0.05,0.01,-1.0,0.11,Waypoint,5.1,5.1,90126.0,115741.0,29.858,46230.76,29.86,0.06,0.039,0.96,84.2,5.41,-0.25,1.2
20260901,115818,25.912115588333332,-80.13723282666666,-2.7,-0.3,319.9,0.0,43.5,-0.05,0.0,-1.02,2.02,Waypoint,-0.4,48.1,90126.0,115742.0,29.858,46262.77,29.88,0.06,0.039,0.9,84.22,5.42,-0.24,1.2
20260901,115819,25.9121085,-80.1372281,-1.8,-1.1,323.8,0.0,43.5,-0.03,0.08,-0.98,13.41,Waypoint,-5.2,75.2,90126.0,115743.0,29.858,46286.8,29.9,0.06,0.038,0.83,84.22,5.41,-0.25,1.2
20260901,115820,25.912100646666666,-80.13722598333334,-2.2,-1.8,318.0,0.0,43.5,-0.04,0.22,-1.26,23.0,Waypoint,-5.2,75.2,90126.0,115744.0,29.858,46284.42,29.9,0.06,0.038,0.82,84.21,5.41,-0.24,1.2
20260901,115821,25.912093701666667,-80.13722782,-1.8,-1.8,295.2,0.0,43.5,-0.04,0.05,-0.77,26.58,Waypoint,-5.2,75.2,90126.0,115745.0,29.857,46266.11,29.88,0.06,0.038,0.8,84.19,5.41,-0.25,1.2
20260901,115822,0.0,0.0,-2.2,-1.2,274.8,0.0,43.4,-0.01,0.0,-0.97,22.11,Waypoint,-11.1,34.2,90126.0,115746.0,29.857,46240.89,29.86,0.05,0.038,0.78,84.18,5.41,-0.25,1.2
20260901,115823,25.91208795,-80.13723485,-2.7,-2.0,273.2,0.0,43.5,-0.04,0.03,-1.0,13.39,Waypoint,6.7,11.7,90126.0,115747.0,29.858,46199.14,29.83,0.06,0.038,0.83,84.18,5.41,-0.26,1.2
20260901,115824,25.912086871666666,-80.137237665,-2.2,-2.4,271.2,0.0,43.4,-0.03,0.03,-0.96,9.68,Waypoint,21.9,0.3,90126.0,115748.0,29.859,46141.91,29.79,0.06,0.038,0.85,84.2,5.42,-0.24,1.2
20260901,115825,25.912086066666667,-80.13724083166667,-1.5,-1.1,262.2,0.0,43.5,0.01,-0.02,-1.0,4.85,Waypoint,37.9,-11.9,90126.0,115749.0,29.857,46095.01,29.76,0.05,0.038,0.82,84.23,5.42,-0.24,1.2
20260901,115826,25.9120847,-80.137246065,-1.4,0.1,262.0,0.0,43.5,-0.03,0.01,-0.98,0.19,Waypoint,32.4,8.7,90126.0,115750.0,29.854,46048.96,29.73,0.05,0.038,0.83,84.29,5.42,-0.25,1.2
20260901,115827,25.912083043333332,-80.13725372333333,-1.2,0.1,259.4,0.0,43.5,0.01,-0.04,-1.03,0.5,Waypoint,33.0,2.1,90126.0,115751.0,29.85,46024.72,29.71,0.05,0.038,0.84,84.33,5.43,-0.23,1.2
20260901,115828,25.912080913333334,-80.13726297666666,-1.6,-1.1,259.7,0.0,43.5,-0.02,0.04,-0.97,0.07,Waypoint,34.0,5.4,90126.0,115752.0,29.847,46006.53,29.7,0.05,0.038,0.84,84.38,5.43,-0.23,1.2
20260901,115829,25.91207859,-80.13727327833334,-1.9,-1.0,258.7,0.0,43.5,-0.04,0.01,-0.99,-1.86,Waypoint,31.2,11.4,90126.0,115753.0,29.844,45990.1,29.68,0.05,0.038,0.86,84.4,5.43,-0.22,1.2
20260901,115830,25.91207609,-80.13728396833334,-1.8,-1.0,256.1,0.0,43.5,-0.03,-0.01,-1.01,-0.8,Waypoint,31.0,0.5,90126.0,115754.0,29.842,45973.61,29.67,0.05,0.038,0.85,84.4,5.43,-0.23,1.2
20260901,115831,25.912073163333332,-80.13729621,-1.9,-0.4,255.4,0.0,43.5,-0.04,-0.03,-1.0,-1.2,Waypoint,31.0,1.3,90126.0,115755.0,29.841,45968.86,29.67,0.05,0.038,0.86,84.41,5.43,-0.22,1.2
20260901,115832,25.912070391666667,-80.13730765,-1.8,-0.4,252.8,0.0,43.5,0.02,-0.02,-1.01,-0.52,Waypoint,29.0,-5.9,90126.0,115756.0,29.841,45968.18,29.67,0.05,0.038,0.88,84.43,5.44,-0.22,1.2
20260901,115834,0.0,0.0,-1.7,-0.4,256.3,0.0,43.5,-0.05,0.03,-1.01,-0.65,Waypoint,32.0,3.4,90126.0,115757.0,29.842,45990.21,29.68,0.05,0.037,0.86,84.45,5.44,-0.22,1.2
20260901,115834,25.912064343333334,-80.1373309,-1.8,-0.8,257.9,0.0,43.5,-0.02,0.01,-0.97,-0.23,Waypoint,34.0,2.9,90126.0,115758.0,29.845,46032.96,29.71,0.05,0.038,0.83,84.5,5.44,-0.2,1.2
20260901,115836,25.9120612,-80.13734261166667,-2.0,-1.1,259.3,0.0,43.5,-0.06,0.03,-1.01,-1.24,Waypoint,34.0,11.4,90126.0,115759.0,29.849,46076.2,29.75,0.05,0.038,0.82,84.56,5.44,-0.19,1.2
20260901,115837,25.912057995,-80.13735425166666,-2.0,-1.6,259.3,0.0,43.5,-0.05,0.01,-0.97,-0.52,Waypoint,34.0,8.2,90126.0,115800.0,29.854,46122.65,29.78,0.05,0.037,0.83,84.61,5.44,-0.18,1.2
20260901,115838,25.912054803333334,-80.13736611333333,-2.1,-1.2,254.7,0.0,43.5,-0.04,0.05,-0.98,-1.54,Waypoint,31.0,-1.2,90126.0,115801.0,29.861,46193.53,29.83,0.05,0.037,0.82,84.7,5.45,-0.17,1.2
20260901,115839,25.912051586666667,-80.13737775833333,-2.6,-1.8,95.4,0.0,43.5,-0.06,0.02,-1.0,-0.01,Waypoint,31.0,-1.2,90126.0,115802.0,29.865,46237.78,29.86,0.05,0.037,0.82,84.77,5.45,-0.17,1.2
20260901,115840,25.91204876,-80.13738826666666,-2.7,-1.6,100.8,0.0,43.5,-0.07,0.04,-0.97,-0.76,Waypoint,-1.3,-21.1,90126.0,115803.0,29.874,46286.45,29.9,0.05,0.037,0.84,84.83,5.45,-0.18,1.2
20260901,115841,25.912046056666668,-80.13739737,-1.6,-0.3,108.4,0.0,43.5,-0.07,-0.03,-0.94,-6.57,Waypoint,-2.6,-72.6,90126.0,115804.0,29.882,46323.85,29.92,0.05,0.038,0.81,84.87,5.45,-0.17,1.2
20260901,115842,25.912041353333333,-80.13740627666667,-1.9,0.6,104.8,0.0,43.5,-0.1,0.09,-1.13,-20.71,Waypoint,-5.2,-75.2,90126.0,115805.0,29.887,46324.08,29.92,0.05,0.038,0.81,84.91,5.46,-0.17,1.2
20260901,115843,25.91203517,-80.13741071333334,-2.7,0.5,117.4,0.0,43.5,-0.04,0.02,-1.18,-26.25,Waypoint,-5.2,-75.2,90126.0,115806.0,29.892,46312.36,29.92,0.06,0.038,0.83,84.93,5.46,-0.19,1.2
20260901,115844,25.912029638333333,-80.13741112,-3.1,0.7,151.3,0.0,43.6,-0.14,-0.03,-0.99,-22.02,Waypoint,-11.1,-34.2,90126.0,115807.0,29.892,46299.79,29.91,0.06,0.039,0.84,84.95,5.46,-0.2,1.2
20260901,115845,25.912025891666666,-80.137409775,-2.4,-0.0,169.0,0.0,43.6,-0.05,-0.0,-0.99,-14.63,Waypoint,0.0,0.0,90126.0,115808.0,29.889,46265.7,29.88,0.06,0.039,0.87,84.98,5.46,-0.2,1.2
20260901,115846,25.912023151666666,-80.13740824666667,-1.9,-0.3,172.7,0.0,43.6,-0.04,0.03,-0.96,-7.94,Waypoint,6.5,49.4,90126.0,115809.0,29.885,46255.8,29.87,0.06,0.039,0.91,85.03,5.46,-0.2,1.2
20260901,115847,25.912020448333333,-80.13740679,-1.4,-0.5,172.9,0.0,43.6,0.01,0.07,-0.95,-0.87,Waypoint,26.4,35.1,90126.0,115810.0,29.876,46235.98,29.86,0.06,0.038,0.9,85.08,5.47,-0.2,1.2
20260901,115848,25.912015165,-80.13740470333333,-2.1,-0.1,169.8,0.0,43.6,-0.03,0.03,-1.01,2.85,Waypoint,15.9,15.9,90126.0,115811.0,29.872,46222.41,29.85,0.06,0.038,0.93,85.15,5.47,-0.22,1.2
20260901,115849,25.912008938333333,-80.13740241833334,-1.4,0.2,168.1,0.0,43.5,-0.02,-0.04,-0.95,2.95,Waypoint,32.0,12.4,90126.0,115812.0,29.863,46203.22,29.84,0.06,0.038,0.92,85.23,5.48,-0.22,1.2
20260901,115850,25.912001653333334,-80.13739987166667,-2.0,0.4,165.7,0.0,43.5,-0.03,-0.02,-0.99,0.22,Waypoint,34.0,10.4,90126.0,115813.0,29.859,46191.63,29.83,0.06,0.038,0.93,85.31,5.49,-0.23,1.2
20260901,115851,25.911993213333332,-80.13739662833333,-2.0,0.2,169.9,0.0,43.5,-0.02,-0.04,-1.04,1.09,Waypoint,32.0,18.4,90126.0,115814.0,29.855,46176.27,29.82,0.06,0.038,0.95,85.36,5.49,-0.23,1.2
20260901,115852,25.911983011666667,-80.13739285,-1.4,0.1,170.9,0.0,43.5,-0.01,-0.01,-0.98,-0.33,Waypoint,30.9,6.6,90126.0,115815.0,29.852,46162.73,29.81,0.05,0.038,0.95,85.43,5.5,-0.23,1.2
20260901,115853,25.911973288333332,-80.13738911333333,-1.3,-0.2,168.9,0.0,43.5,0.0,0.04,-0.91,0.96,Waypoint,32.0,11.4,90126.0,115816.0,29.85,46165.21,29.81,0.05,0.037,1.0,85.5,5.5,-0.24,1.2
20260901,115854,25.911963205,-80.13738528166667,-2.3,-0.4,165.2,0.0,43.5,-0.02,-0.0,-1.01,-0.21,Waypoint,34.0,4.0,90126.0,115817.0,29.852,46168.55,29.81,0.05,0.038,1.02,85.61,5.51,-0.24,1.2
20260901,115855,25.91195283,-80.13738135,-3.0,-0.4,170.0,0.0,43.5,-0.09,0.04,-1.14,0.5,Waypoint,32.0,13.6,90126.0,115818.0,29.855,46199.45,29.83,0.05,0.037,1.02,85.71,5.51,-0.24,1.2
20260901,115856,25.911942548333332,-80.13737742833334,-1.8,-0.1,162.7,0.0,43.5,-0.05,-0.02,-1.02,-0.59,Waypoint,32.0,3.2,90126.0,115819.0,29.86,46258.64,29.88,0.05,0.037,1.02,85.85,5.52,-0.23,1.2
20260901,115857,25.911932345,-80.13737346833334,-0.3,0.1,170.2,0.0,43.6,0.01,0.01,-0.88,0.66,Waypoint,33.0,11.9,90126.0,115820.0,29.868,46318.13,29.92,0.05,0.038,0.97,85.95,5.53,-0.23,1.2
20260901,115858,25.911921951666667,-80.13736951166666,-3.3,-0.2,0.5,0.0,43.6,-0.08,0.03,-1.02,-0.49,Waypoint,4.5,-4.5,90126.0,115821.0,29.881,46398.42,29.98,0.05,0.038,0.98,86.06,5.53,-0.21,1.2
20260901,115859,25.911912936666667,-80.13736587666666,-3.2,-0.2,16.8,0.0,43.6,-0.07,0.02,-1.05,-1.01,Waypoint,-1.1,-21.2,90126.0,115822.0,29.894,46456.87,30.02,0.06,0.038,1.01,86.12,5.53,-0.21,1.2
20260901,115900,25.911905076666667,-80.137362255,-1.8,0.3,15.1,0.0,43.6,-0.09,0.06,-1.01,-8.9,Waypoint,-2.6,-72.6,90126.0,115823.0,29.909,46505.25,30.05,0.06,0.038,1.0,86.16,5.53,-0.21,1.2
20260901,115901,25.911898328333333,-80.13735692666667,-2.2,1.3,18.5,0.0,43.6,0.04,-0.17,-0.83,-22.02,Waypoint,-5.2,-75.2,90126.0,115824.0,29.921,46532.14,30.07,0.06,0.039,1.0,86.16,5.53,-0.2,1.2
20260901,115902,25.91189515,-80.13734993666667,-1.5,1.3,37.6,0.0,43.6,-0.09,-0.08,-0.98,-24.42,Waypoint,-5.6,-68.5,90126.0,115825.0,29.932,46561.18,30.09,0.06,0.039,0.96,86.15,5.53,-0.2,1.2
20260901,115903,25.911895156666667,-80.13734491666666,-1.5,0.4,60.8,0.0,43.6,-0.07,-0.03,-0.93,-17.51,Waypoint,-12.5,-12.5,90126.0,115826.0,29.941,46580.37,30.11,0.06,0.039,0.99,86.13,5.52,-0.2,1.2
20260901,115904,25.91189582333333,-80.13734131833333,-2.2,0.2,74.2,0.0,43.6,-0.05,-0.0,-1.01,-10.18,Waypoint,-6.6,6.6,90126.0,115828.0,29.949,46597.66,30.12,0.06,0.04,0.96,86.1,5.52,-0.2,1.2
20260901,115905,25.91189663666667,-80.13733826666666,-1.9,-0.1,76.0,0.0,43.6,-0.02,0.03,-1.0,-4.8,Waypoint,31.0,31.6,90126.0,115828.0,29.956,46611.73,30.13,0.06,0.04,0.95,86.08,5.52,-0.21,1.2
20260901,115906,25.911897815,-80.137333415,-1.1,-0.4,75.1,0.0,43.6,0.01,0.01,-0.96,2.62,Waypoint,35.8,11.2,90126.0,115829.0,29.961,46610.63,30.13,0.06,0.039,0.96,86.03,5.52,-0.2,1.2
20260901,115907,25.911899555,-80.13732582666667,-1.2,-0.5,69.8,0.0,43.6,-0.01,-0.0,-1.0,-1.15,Waypoint,30.0,-2.8,90126.0,115830.0,29.962,46603.12,30.12,0.06,0.039,0.96,85.98,5.51,-0.19,1.2
20260901,115908,25.91190201,-80.13731680666666,-1.3,-0.1,74.4,0.0,43.6,-0.02,0.03,-1.03,-0.44,Waypoint,34.0,4.4,90126.0,115831.0,29.961,46587.8,30.11,0.06,0.039,0.97,85.9,5.51,-0.19,1.2
20260901,115909,25.911904858333333,-80.13730667166666,-1.8,0.2,70.7,0.0,43.6,-0.02,-0.01,-1.06,-1.29,Waypoint,32.0,2.5,90126.0,115832.0,29.959,46558.43,30.09,0.06,0.039,0.94,85.81,5.5,-0.21,1.2
20260901,115910,25.911908096666668,-80.137296215,-1.7,0.6,76.5,0.0,43.6,-0.04,-0.02,-1.06,0.32,Waypoint,31.0,8.6,90126.0,115833.0,29.955,46533.58,30.07,0.06,0.039,0.9,85.72,5.5,-0.21,1.2
20260901,115911,25.911911485,-80.13728522833334,-1.7,0.8,74.7,0.0,43.6,-0.01,-0.03,-1.03,0.74,Waypoint,33.0,6.4,90126.0,115834.0,29.951,46503.78,30.05,0.06,0.039,0.9,85.63,5.49,-0.2,1.2
20260901,115912,25.911915355,-80.13727284666666,-1.8,-0.2,71.8,0.0,43.6,-0.04,0.03,-1.0,0.11,Waypoint,33.0,6.4,90126.0,115837.0,29.938,46442.03,30.01,0.06,0.039,0.98,85.43,5.48,-0.2,1.2
20260901,115913,25.91191906,-80.13726143666666,-1.7,-1.0,77.7,0.0,43.6,-0.03,0.02,-1.0,0.1,Waypoint,30.0,12.9,90126.0,115837.0,29.937,46437.95,30.0,0.06,0.039,0.96,85.41,5.48,-0.2,1.2
20260901,115914,25.911922761666666,-80.13724971166667,-1.8,-0.6,70.2,0.0,43.6,-0.07,0.02,-1.04,-0.38,Waypoint,33.0,1.0,90126.0,115838.0,29.93,46423.62,29.99,0.06,0.039,0.97,85.32,5.48,-0.2,1.2
20260901,115915,25.911926513333334,-80.13723800833333,-1.8,-0.0,71.5,0.0,43.6,-0.04,0.02,-1.01,-0.47,Waypoint,33.4,4.2,90126.0,115839.0,29.925,46409.79,29.98,0.06,0.039,0.95,85.24,5.47,-0.2,1.2
20260901,115916,25.91193033,-80.13722617666667,-1.9,-0.2,68.5,0.0,43.6,-0.04,-0.02,-1.03,-0.37,Waypoint,33.0,-0.7,90126.0,115840.0,29.92,46392.36,29.97,0.06,0.039,0.95,85.15,5.47,-0.19,1.2
20260901,115917,25.911934186666667,-80.13721435833334,-1.9,-0.9,72.7,0.0,43.6,-0.03,0.04,-0.98,-0.49,Waypoint,32.9,5.3,90126.0,115841.0,29.915,46378.58,29.96,0.06,0.039,0.94,85.07,5.46,-0.18,1.2
20260901,115918,25.911934186666667,-80.13721435833334,-1.8,-0.5,69.0,0.0,43.6,-0.05,-0.0,-0.98,-1.29,Waypoint,33.0,3.9,90126.0,115842.0,29.91,46364.83,29.95,0.06,0.04,0.93,84.98,5.46,-0.16,1.2
20260901,115919,25.911941995,-80.13719071666667,-1.7,-0.2,73.8,0.0,43.6,0.0,0.01,-1.01,-0.55,Waypoint,31.0,14.2,90126.0,115843.0,29.904,46370.65,29.96,0.06,0.04,0.91,84.91,5.45,-0.17,1.2
20260901,115920,25.911946071666666,-80.13717887166666,-1.6,-0.6,65.9,0.0,43.6,-0.05,0.01,-0.97,-0.99,Waypoint,32.0,-1.0,90126.0,115844.0,29.9,46357.16,29.95,0.06,0.04,0.95,84.81,5.45,-0.17,1.2
20260901,115921,25.91195014,-80.137167155,-1.6,-1.1,72.5,0.0,43.6,-0.01,0.04,-0.94,0.18,Waypoint,32.0,6.9,90126.0,115845.0,29.896,46346.86,29.94,0.06,0.04,0.94,84.73,5.44,-0.17,1.2
20260901,115922,25.911954525,-80.13715418,-1.9,-0.7,235.9,0.0,43.6,-0.06,0.04,-0.96,-0.69,Waypoint,4.6,4.6,90126.0,115846.0,29.893,46347.89,29.94,0.06,0.04,0.93,84.66,5.44,-0.18,1.2
20260901,115923,25.911958205,-80.13714373833334,-2.5,-1.2,223.0,0.0,43.6,-0.06,0.03,-0.96,-0.19,Waypoint,-0.8,27.2,90126.0,115847.0,29.892,46345.81,29.94,0.06,0.04,0.92,84.6,5.43,-0.17,1.2
20260901,115924,25.911961265,-80.13713451666666,-1.6,-1.0,221.2,0.0,43.6,-0.04,0.05,-0.95,6.68,Waypoint,-3.4,73.4,90126.0,115848.0,29.892,46344.29,29.94,0.06,0.04,0.91,84.55,5.43,-0.17,1.2
20260901,115925,25.911962716666668,-80.13712511333334,-1.7,-1.2,223.1,0.0,43.6,-0.12,0.0,-0.94,16.12,Waypoint,-5.2,75.2,90126.0,115849.0,29.893,46326.77,29.93,0.06,0.04,0.92,84.52,5.43,-0.19,1.2
20260901,115926,25.911961358333333,-80.13711601,-2.7,-2.1,205.3,0.0,43.6,0.04,0.08,-0.8,20.07,Waypoint,-5.2,75.2,90126.0,115850.0,29.892,46257.89,29.88,0.06,0.04,0.92,84.46,5.43,-0.2,1.2
20260901,115927,25.911957525,-80.13710938833333,-2.1,-1.9,184.6,0.0,43.6,-0.04,-0.02,-0.95,20.66,Waypoint,-6.0,63.5,90126.0,115851.0,29.885,46188.01,29.83,0.06,0.04,0.9,84.42,5.43,-0.2,1.2
20260901,115928,25.91195301833333,-80.13710549833333,-1.9,-0.8,165.2,0.0,43.6,-0.04,0.01,-1.02,14.77,Waypoint,-4.1,4.1,90126.0,115852.0,29.876,46118.64,29.78,0.06,0.04,0.9,84.38,5.43,-0.22,1.2
20260901,115929,25.91195301833333,-80.13710549833333,-2.0,-0.0,157.0,0.0,43.6,-0.04,0.0,-1.0,8.13,Waypoint,-6.6,-6.6,90126.0,115853.0,29.865,46055.18,29.73,0.06,0.04,0.91,84.35,5.43,-0.23,1.2
20260901,115930,25.911945738333333,-80.13710181833333,-2.1,0.2,154.7,0.0,43.6,-0.03,0.02,-1.01,2.54,Waypoint,22.7,-22.7,90126.0,115854.0,29.854,45973.18,29.67,0.06,0.04,0.92,84.34,5.43,-0.24,1.2
20260901,115931,25.911941545,-80.13709977666667,-2.1,-0.2,155.2,0.0,43.6,-0.0,-0.04,-1.04,-1.06,Waypoint,32.0,-1.5,90126.0,115855.0,29.838,45931.69,29.64,0.06,0.039,0.89,84.36,5.43,-0.25,1.2
20260901,115932,25.911934923333334,-80.13709656333333,-1.6,-0.3,150.7,0.0,43.6,0.03,-0.04,-0.96,-1.65,Waypoint,29.8,-7.1,90126.0,115856.0,29.828,45938.77,29.65,0.06,0.039,0.9,84.43,5.44,-0.24,1.2
20260901,115933,25.911927303333332,-80.13709279833333,-1.7,-0.7,155.1,0.0,43.6,-0.06,0.04,-1.01,-0.52,Waypoint,32.0,-1.2,90126.0,115857.0,29.823,45962.26,29.66,0.06,0.039,0.9,84.52,5.44,-0.24,1.2
20260901,115934,25.911918795,-80.13708859333333,-1.6,-0.9,156.4,0.0,43.6,0.02,0.07,-0.99,-1.16,Waypoint,33.0,4.7,90126.0,115858.0,29.824,45984.08,29.68,0.06,0.039,0.85,84.62,5.45,-0.24,1.2
20260901,115935,25.911909513333335,-80.137083965,-1.5,-0.5,153.8,0.0,43.6,-0.02,-0.01,-0.95,-0.72,Waypoint,32.0,0.0,90126.0,115859.0,29.828,46006.76,29.7,0.06,0.039,0.87,84.71,5.46,-0.24,1.2
20260901,115936,25.911899843333334,-80.13707896,-2.2,-0.5,149.8,0.0,43.6,-0.01,0.0,-0.98,-1.22,Waypoint,32.0,-3.9,90126.0,115900.0,29.834,46029.69,29.71,0.06,0.039,0.91,84.83,5.46,-0.24,1.2
20260901,115937,25.911890035,-80.13707365,-2.0,-0.7,158.0,0.0,43.6,-0.04,0.02,-1.05,0.34,Waypoint,33.0,6.9,90126.0,115901.0,29.842,46065.24,29.74,0.06,0.039,0.9,84.95,5.47,-0.22,1.2
20260901,115938,25.911879915,-80.13706821,-1.3,-0.5,159.7,0.0,43.6,-0.02,-0.01,-0.94,0.45,Waypoint,32.0,10.7,90126.0,115902.0,29.856,46116.13,29.77,0.06,0.039,0.92,85.12,5.48,-0.22,1.2
20260901,115939,25.911869606666666,-80.13706268833333,-2.2,-0.3,151.1,0.0,43.6,-0.01,-0.0,-0.93,-0.99,Waypoint,31.0,-2.2,90126.0,115903.0,29.873,46223.7,29.85,0.06,0.039,0.92,85.31,5.49,-0.22,1.2
20260901,115940,0.0,0.0,-3.7,-0.4,324.7,0.0,43.6,-0.09,0.01,-1.08,-0.97,Waypoint,4.9,4.9,90126.0,115904.0,29.899,46319.85,29.92,0.06,0.039,0.92,85.55,5.5,-0.21,1.2
20260901,115941,25.911851353333333,-80.13705209833333,-2.1,-0.5,309.4,0.0,43.6,-0.07,0.02,-1.02,1.6,Waypoint,-0.5,50.6,90126.0,115905.0,29.925,46408.32,29.98,0.06,0.039,0.95,85.78,5.51,-0.2,1.2
20260901,115942,25.91184262333333,-80.137047795,-0.9,-1.0,314.9,0.0,43.6,-0.04,-0.03,-0.83,12.26,Waypoint,-5.2,75.2,90126.0,115906.0,29.956,46510.1,30.06,0.06,0.04,0.98,86.05,5.52,-0.18,1.2
20260901,115943,25.911834121666665,-80.13704669333333,-2.9,-1.9,315.0,0.0,43.6,-0.06,0.03,-1.07,22.55,Waypoint,-5.2,75.2,90126.0,115907.0,29.982,46600.73,30.12,0.06,0.04,0.96,86.27,5.53,-0.18,1.2
20260901,115944,25.911827438333333,-80.13704919,-2.9,-2.2,295.3,0.0,43.6,-0.14,0.04,-1.16,22.76,Waypoint,-5.2,75.2,90126.0,115908.0,30.013,46641.75,30.15,0.06,0.04,0.95,86.49,5.54,-0.17,1.2
20260901,115945,25.911823398333333,-80.13705354833333,-2.3,-1.9,267.8,0.0,43.6,-0.03,0.08,-1.12,19.73,Waypoint,-7.9,49.1,90126.0,115909.0,30.035,46615.0,30.13,0.06,0.04,0.99,86.62,5.55,-0.17,1.2
20260901,115946,25.911821388333333,-80.13705759,-2.0,-2.0,250.1,0.0,43.6,-0.03,0.02,-0.97,12.37,Waypoint,0.0,0.0,90126.0,115910.0,30.05,46581.04,30.1,0.06,0.04,1.02,86.74,5.55,-0.18,1.2
20260901,115947,25.91182027,-80.13706089666667,-2.0,-1.4,242.7,0.0,43.6,-0.04,0.0,-0.97,7.72,Waypoint,7.9,-34.9,90126.0,115911.0,30.057,46543.61,30.08,0.06,0.039,0.99,86.85,5.56,-0.19,1.2
20260901,115948,25.91181932,-80.137064275,-1.2,-0.1,245.5,0.0,43.6,0.07,-0.15,-0.92,-0.41,Waypoint,22.8,-22.8,90126.0,115912.0,30.059,46501.19,30.05,0.06,0.039,1.01,86.96,5.57,-0.18,1.2
20260901,115949,25.911817285,-80.13706964333333,-1.2,0.9,246.3,0.0,43.6,0.02,-0.05,-0.98,-2.61,Waypoint,34.6,7.8,90126.0,115913.0,30.059,46463.38,30.02,0.06,0.039,1.01,87.04,5.57,-0.18,1.2
20260901,115950,25.911814381666666,-80.13707661666666,-1.0,0.9,253.4,0.0,43.6,0.03,-0.0,-1.0,0.34,Waypoint,33.0,14.7,90126.0,115914.0,30.055,46444.87,30.01,0.06,0.038,1.03,87.13,5.58,-0.17,1.2
20260901,115951,25.91181091,-80.137085225,-1.0,0.9,253.4,0.0,43.6,0.03,-0.0,-1.0,0.34,Waypoint,33.0,14.7,90126.0,115915.0,30.054,46426.46,29.99,0.06,0.038,1.05,87.18,5.58,-0.17,1.2
20260901,115952,25.911806593333335,-80.13709583166667,-1.9,-1.9,244.5,0.0,43.6,-0.02,0.03,-1.02,-0.81,Waypoint,31.0,-2.5,90126.0,115916.0,30.051,46408.88,29.98,0.06,0.038,1.03,87.24,5.59,-0.17,1.2
20260901,115953,25.91180223,-80.137106225,-2.0,-1.2,243.7,0.0,43.6,-0.03,0.01,-1.03,-0.48,Waypoint,31.6,-2.0,90126.0,115917.0,30.049,46392.5,29.97,0.06,0.038,1.03,87.29,5.59,-0.19,1.2
20260901,115954,25.911797808333333,-80.137116935,-2.1,-0.4,251.3,0.0,43.6,0.03,-0.01,-1.02,0.78,Waypoint,32.0,2.4,90126.0,115918.0,30.044,46378.92,29.96,0.06,0.038,1.05,87.34,5.6,-0.18,1.2
20260901,115955,25.911793266666667,-80.137127785,-1.9,-0.2,245.3,0.0,43.6,-0.07,0.02,-1.01,-1.29,Waypoint,32.0,-3.3,90126.0,115919.0,30.039,46367.79,29.95,0.05,0.038,1.06,87.38,5.6,-0.19,1.2
20260901,115955,25.911793266666667,-80.137127785,-1.9,-0.2,245.3,0.0,43.6,-0.07,0.02,-1.01,-1.29,Waypoint,32.0,-3.3,90126.0,115920.0,30.034,46364.23,29.95,0.05,0.038,1.04,87.42,5.6,-0.19,1.2
20260901,115957,25.911783653333334,-80.13714990833333,-1.7,-0.1,244.2,0.0,43.6,-0.0,0.0,-1.0,-0.41,Waypoint,34.0,4.0,90126.0,115921.0,30.032,46382.0,29.96,0.05,0.038,0.98,87.46,5.61,-0.2,1.2
20260901,115957,25.911783653333334,-80.13714990833333,-1.7,-0.1,244.2,0.0,43.6,-0.0,0.0,-1.0,-0.41,Waypoint,34.0,4.0,90126.0,115922.0,30.033,46421.91,29.99,0.05,0.038,1.0,87.53,5.61,-0.21,1.2
20260901,115958,25.911778555,-80.13716101166666,-1.7,0.0,244.5,0.0,43.6,-0.04,-0.03,-1.0,0.29,Waypoint,33.2,-4.6,90126.0,115923.0,30.039,46456.45,30.01,0.06,0.038,0.99,87.6,5.61,-0.2,1.2
20260901,115959,25.911773418333333,-80.13717207,-1.9,-0.0,250.8,0.0,43.6,-0.01,-0.0,-0.99,0.75,Waypoint,32.0,10.9,90126.0,115925.0,30.055,46540.62,30.08,0.06,0.038,0.99,87.78,5.62,-0.18,1.2
20260901,120001,25.911762963333334,-80.13719444333333,-2.0,-1.1,249.5,0.0,43.6,-0.03,0.04,-1.0,-1.08,Waypoint,33.0,10.4,90126.0,115925.0,30.055,46540.62,30.08,0.06,0.038,0.99,87.78,5.62,-0.18,1.2
20260901,120002,25.911757156666667,-80.137206795,-2.0,-1.2,251.9,0.0,43.6,-0.05,0.01,-1.0,-1.05,Waypoint,31.0,15.2,90126.0,115926.0,30.066,46569.27,30.1,0.06,0.038,1.01,87.88,5.63,-0.19,1.2
20260901,120003,25.911751898333332,-80.13721798333333,-1.9,-1.1,252.7,0.0,43.6,-0.05,0.05,-1.02,0.2,Waypoint,30.0,11.9,90126.0,115927.0,30.076,46577.95,30.1,0.06,0.039,0.98,87.99,5.63,-0.21,1.2
20260901,120004,25.911746708333332,-80.13722907833333,-2.1,-1.0,99.9,0.0,43.6,-0.05,0.0,-1.0,-0.55,Waypoint,4.7,-4.7,90126.0,115928.0,30.085,46581.58,30.1,0.06,0.039,0.98,88.1,5.64,-0.21,1.2
20260901,120005,25.911741906666666,-80.13723907666666,-2.6,-1.6,104.9,0.0,43.6,-0.04,0.02,-0.98,-0.84,Waypoint,-0.8,-27.1,90126.0,115930.0,30.093,46579.81,30.1,0.06,0.04,0.94,88.32,5.65,-0.22,1.2
20260901,120006,25.911737453333334,-80.13724767,-1.6,-1.3,113.0,0.0,43.7,-0.09,-0.02,-0.95,-4.83,Waypoint,-3.4,-73.4,90126.0,115930.0,30.093,46579.75,30.1,0.06,0.04,0.93,88.35,5.65,-0.22,1.2
20260901,120007,25.911731943333333,-80.137255135,-1.2,0.4,113.8,0.0,43.7,-0.01,0.08,-1.19,-18.33,Waypoint,-5.2,-75.2,90126.0,115931.0,30.093,46567.67,30.09,0.06,0.04,0.97,88.42,5.66,-0.22,1.2
20260901,120008,25.911725121666667,-80.13725889,-1.8,0.9,136.6,0.0,43.7,0.01,-0.02,-0.78,-24.95,Waypoint,-6.6,-58.7,90126.0,115932.0,30.092,46529.28,30.07,0.06,0.04,0.92,88.46,5.66,-0.21,1.2
20260901,120009,25.911719546666667,-80.13725892333333,-2.7,0.4,165.0,0.0,43.7,-0.06,-0.02,-1.01,-18.06,Waypoint,0.0,0.0,90126.0,115933.0,30.088,46497.03,30.04,0.06,0.041,0.93,88.47,5.66,-0.21,1.2
20260901,120010,25.91171559,-80.13725773833333,-2.9,-0.1,175.9,0.0,43.7,-0.06,0.01,-1.03,-9.81,Waypoint,-0.1,28.1,90126.0,115934.0,30.078,46436.38,30.0,0.06,0.041,0.93,88.44,5.66,-0.22,1.2
20260901,120011,25.911712515,-80.13725649,-2.5,-0.5,176.9,0.0,43.7,-0.04,0.01,-1.01,-2.56,Waypoint,27.5,35.1,90126.0,115935.0,30.063,46387.13,29.96,0.06,0.04,0.91,88.39,5.66,-0.23,1.2
20260901,120012,25.911708296666667,-80.13725526,-2.2,-0.2,174.6,0.0,43.7,-0.02,-0.0,-1.01,4.39,Waypoint,12.2,12.2,90126.0,115936.0,30.046,46360.39,29.95,0.06,0.04,0.9,88.34,5.66,-0.24,1.2
20260901,120014,25.911708296666667,-80.13725526,-2.0,-0.2,173.2,0.0,43.7,-0.01,-0.0,-0.99,3.29,Waypoint,33.0,-5.9,90126.0,115937.0,30.033,46346.96,29.94,0.06,0.04,0.88,88.29,5.66,-0.24,1.2
20260901,120014,25.911695893333334,-80.13725265,-1.1,-0.4,170.8,0.0,43.6,0.01,0.04,-0.95,0.3,Waypoint,33.0,-1.1,90126.0,115938.0,30.024,46334.05,29.93,0.06,0.04,0.85,88.25,5.66,-0.25,1.2
20260901,120015,25.911687443333335,-80.13725074,-1.7,-0.4,172.5,0.0,43.6,-0.01,0.03,-0.98,-0.76,Waypoint,34.0,7.4,90126.0,115939.0,30.018,46336.78,29.93,0.06,0.039,0.88,88.22,5.66,-0.24,1.2
20260901,120016,25.91167777,-80.13724852666667,-2.2,-0.3,167.7,0.0,43.6,-0.03,0.01,-1.02,1.0,Waypoint,33.8,2.7,90126.0,115940.0,30.017,46336.99,29.93,0.06,0.039,0.9,88.2,5.65,-0.25,1.2
20260901,120018,25.911667375,-80.137246135,-1.8,-0.2,169.9,0.0,43.6,-0.01,0.0,-1.0,-0.41,Waypoint,32.0,0.0,90126.0,115941.0,30.018,46339.18,29.93,0.06,0.039,0.93,88.19,5.65,-0.25,1.2
20260901,120019,25.911657238333333,-80.13724363166666,-2.8,-0.2,11.4,0.0,43.6,-0.06,-0.01,-0.98,-0.62,Waypoint,4.7,-4.7,90126.0,115942.0,30.02,46349.01,29.94,0.06,0.039,0.91,88.2,5.65,-0.23,1.2
20260901,120020,25.91164845833333,-80.13724130833333,-1.9,-0.1,14.9,0.0,43.6,-0.04,-0.0,-1.02,-3.3,Waypoint,-0.3,-64.0,90126.0,115943.0,30.025,46363.2,29.95,0.06,0.039,0.95,88.23,5.66,-0.23,1.2
20260901,120021,25.91164049,-80.13723813833333,-1.2,0.8,12.4,0.0,43.6,-0.02,0.01,-1.04,-16.9,Waypoint,-5.2,-75.2,90126.0,115944.0,30.03,46377.29,29.96,0.06,0.039,0.98,88.28,5.66,-0.24,1.2
20260901,120022,25.911634366666668,-80.13723229166666,-2.0,1.3,11.6,0.0,43.7,-0.06,-0.11,-1.1,-24.68,Waypoint,-5.2,-75.2,90126.0,115945.0,30.042,46399.26,29.97,0.06,0.04,0.97,88.39,5.66,-0.25,1.2
20260901,120023,25.911632065,-80.13722571,-2.1,1.5,46.8,0.0,43.7,-0.13,0.02,-1.07,-25.74,Waypoint,-6.3,-62.6,90126.0,115946.0,30.055,46396.26,29.97,0.06,0.04,0.96,88.51,5.67,-0.25,1.2
20260901,120024,25.911632733333334,-80.137220525,-1.7,0.0,68.4,0.0,43.7,-0.03,-0.01,-0.98,-18.12,Waypoint,-2.2,-2.2,90126.0,115947.0,30.071,46405.39,29.98,0.06,0.04,0.94,88.69,5.68,-0.26,1.2
20260901,120025,0.0,0.0,-2.3,0.6,78.0,0.0,43.7,-0.05,-0.01,-1.0,-9.96,Waypoint,-0.9,12.3,90126.0,115948.0,30.085,46404.01,29.98,0.06,0.04,0.97,88.88,5.69,-0.26,1.2
20260901,120026,25.911634905,-80.13721487833334,-2.0,0.5,77.8,0.0,43.7,-0.02,-0.02,-1.0,-4.59,Waypoint,30.5,38.3,90126.0,115949.0,30.099,46402.22,29.97,0.06,0.04,1.01,89.12,5.71,-0.27,1.2
20260901,120027,25.91163636,-80.13721083333333,-2.1,-0.3,74.4,0.0,43.7,-0.02,0.04,-1.05,2.24,Waypoint,17.3,17.3,90126.0,115950.0,30.111,46408.1,29.98,0.06,0.04,0.98,89.34,5.72,-0.26,1.2
20260901,120028,25.91163821,-80.13720476833333,-1.6,0.2,74.9,0.0,43.7,-0.02,0.06,-1.0,2.5,Waypoint,31.0,6.2,90126.0,115951.0,30.124,46414.29,29.98,0.06,0.04,1.0,89.61,5.73,-0.25,1.2
20260901,120029,25.911640725,-80.13719705166666,-1.8,1.1,80.4,0.0,43.7,-0.04,-0.01,-1.02,-0.17,Waypoint,25.2,21.7,90126.0,115952.0,30.134,46408.68,29.98,0.06,0.04,0.97,89.83,5.75,-0.25,1.2
20260901,120030,25.9116439,-80.13718782833334,-1.5,-0.1,78.8,0.0,43.7,-0.03,0.02,-1.01,2.83,Waypoint,29.0,14.5,90126.0,115953.0,30.139,46405.19,29.97,0.06,0.04,0.97,90.06,5.76,-0.25,1.2
20260901,120031,25.911647235,-80.13717758333334,-1.4,-1.4,71.0,0.0,43.7,-0.02,0.0,-0.98,0.34,Waypoint,34.0,2.8,90126.0,115954.0,30.143,46399.66,29.97,0.06,0.04,0.94,90.23,5.77,-0.25,1.2
20260901,120032,25.911650726666668,-80.13716657833334,-1.5,-1.4,66.7,0.0,43.7,-0.02,-0.0,-0.95,-0.69,Waypoint,30.0,-7.9,90126.0,115955.0,30.144,46396.34,29.97,0.06,0.04,0.92,90.38,5.78,-0.26,1.2
20260901,120033,25.91165433666667,-80.13715537,-1.6,-0.5,63.5,0.0,43.7,-0.02,-0.01,-0.89,-1.05,Waypoint,31.4,-8.8,90126.0,115956.0,30.144,46392.81,29.97,0.06,0.04,0.92,90.51,5.79,-0.26,1.2
20260901,120034,25.911658645,-80.13714291333334,-1.7,-0.5,70.2,0.0,43.7,-0.08,0.04,-0.97,-0.6,Waypoint,34.0,3.0,90126.0,115957.0,30.145,46396.42,29.97,0.06,0.04,0.93,90.62,5.8,-0.27,1.2
20260901,120035,25.911662628333332,-80.137131285,-1.8,-0.5,69.4,0.0,43.7,-0.03,-0.01,-1.0,-0.19,Waypoint,34.0,0.0,90126.0,115958.0,30.143,46410.13,29.98,0.06,0.04,0.93,90.71,5.8,-0.27,1.2
20260901,120036,25.911666648333334,-80.137119455,-2.1,-0.4,67.0,0.0,43.7,-0.05,0.02,-0.98,-0.23,Waypoint,32.6,-5.5,90126.0,115959.0,30.143,46468.34,30.02,0.06,0.04,0.87,90.8,5.81,-0.26,1.2
20260901,120037,25.91167068,-80.13710773833333,-2.0,0.0,69.7,0.0,43.7,-0.02,-0.03,-1.04,0.02,Waypoint,34.0,4.6,90126.0,120000.0,30.148,46531.3,30.07,0.06,0.04,0.86,90.88,5.81,-0.24,1.2
20260901,120038,25.911674855,-80.13709603666666,-2.0,-0.0,71.1,0.0,43.7,-0.04,0.02,-1.03,0.01,Waypoint,33.0,6.2,90126.0,120001.0,30.156,46593.45,30.11,0.06,0.04,0.87,90.96,5.81,-0.25,1.2
20260901,120039,25.911679006666667,-80.13708431166667,-1.8,-0.4,70.3,0.0,43.7,-0.05,0.0,-1.01,0.57,Waypoint,34.0,4.5,90126.0,120002.0,30.168,46643.36,30.15,0.06,0.04,0.85,91.02,5.82,-0.23,1.2
20260901,120040,25.911683081666666,-80.13707258166667,-1.7,-0.4,71.2,0.0,43.7,-0.04,0.08,-0.99,0.04,Waypoint,34.0,7.8,90126.0,120003.0,30.178,46674.35,30.17,0.06,0.04,0.87,91.07,5.82,-0.24,1.2
20260901,120041,25.91168715,-80.137060815,-1.8,-0.2,69.1,0.0,43.7,-0.05,0.01,-0.99,-0.26,Waypoint,33.6,2.8,90126.0,120004.0,30.187,46696.2,30.18,0.06,0.04,0.87,91.1,5.82,-0.24,1.2
20260901,120042,25.91169116,-80.137049125,-2.1,-1.1,65.8,0.0,43.7,-0.05,0.06,-0.97,-0.89,Waypoint,31.0,-1.0,90126.0,120005.0,30.192,46713.74,30.2,0.06,0.04,0.9,91.14,5.82,-0.23,1.2
20260901,120043,25.91169506,-80.13703767833333,-2.1,-1.2,61.0,0.0,43.7,-0.05,0.04,-0.98,-1.22,Waypoint,28.0,-14.3,90126.0,120006.0,30.196,46717.48,30.2,0.06,0.04,0.89,91.18,5.82,-0.23,1.2
20260901,120044,25.911699416666668,-80.137025145,-2.0,-0.4,63.6,0.0,43.7,-0.03,0.03,-1.01,-1.1,Waypoint,30.0,-4.6,90126.0,120007.0,30.198,46716.5,30.2,0.06,0.04,0.89,91.22,5.82,-0.24,1.2
20260901,120045,25.911703436666667,-80.137013845,-2.7,0.1,264.0,0.0,43.7,-0.06,0.03,-1.01,0.15,Waypoint,7.5,7.5,90126.0,120008.0,30.2,46717.64,30.2,0.06,0.04,0.87,91.27,5.83,-0.23,1.2
20260901,120045,25.911703436666667,-80.137013845,-2.7,0.1,264.0,0.0,43.7,-0.06,0.03,-1.01,0.15,Waypoint,7.5,7.5,90126.0,120009.0,30.203,46720.46,30.2,0.06,0.04,0.9,91.35,5.83,-0.23,1.2
20260901,120047,25.911710631666665,-80.13699519166667,-2.8,0.2,270.3,0.0,43.7,-0.06,-0.01,-1.01,-0.37,Waypoint,5.0,-5.0,90126.0,120010.0,30.208,46730.97,30.21,0.06,0.04,0.99,91.43,5.84,-0.23,1.2
20260901,120047,25.911710631666665,-80.13699519166667,-1.6,0.6,269.8,0.0,43.7,-0.04,-0.01,-1.01,-7.59,Waypoint,-0.4,-69.6,90126.0,120011.0,30.218,46724.71,30.2,0.06,0.04,0.95,91.52,5.84,-0.24,1.2
20260901,120048,25.911715716666667,-80.13698783833334,-1.9,1.3,266.9,0.0,43.7,-0.09,-0.03,-1.21,-20.95,Waypoint,-5.2,-75.2,90126.0,120012.0,30.222,46675.99,30.17,0.06,0.04,0.97,91.55,5.84,-0.24,1.2
20260901,120049,25.911721851666666,-80.13698456666667,-2.3,1.8,292.1,0.0,43.7,-0.1,-0.11,-1.02,-24.67,Waypoint,-4.4,-63.4,90126.0,120013.0,30.221,46622.58,30.13,0.06,0.041,0.97,91.54,5.84,-0.24,1.2
20260901,120050,25.911726606666665,-80.136984995,-2.4,0.3,317.3,0.0,43.8,-0.06,-0.04,-1.01,-18.78,Waypoint,0.0,0.0,90126.0,120014.0,30.215,46557.81,30.08,0.06,0.041,0.97,91.5,5.84,-0.25,1.2
20260901,120051,25.911729956666665,-80.13698644833333,-1.5,-0.0,325.3,0.0,43.8,-0.05,0.0,-0.97,-11.87,Waypoint,-0.8,11.9,90126.0,120015.0,30.203,46502.05,30.04,0.06,0.041,0.97,91.4,5.84,-0.25,1.2
20260901,120052,25.911732565,-80.13698803166666,-2.1,-0.2,324.7,0.0,43.8,-0.02,0.01,-1.01,-6.46,Waypoint,12.7,12.7,90126.0,120016.0,30.19,46450.71,30.01,0.06,0.041,0.95,91.28,5.83,-0.25,1.2
20260901,120053,25.91173578,-80.13698994666667,-2.0,0.0,321.8,0.0,43.8,-0.07,0.01,-1.03,-1.72,Waypoint,25.0,-12.7,90126.0,120017.0,30.174,46416.04,29.98,0.06,0.041,0.98,91.1,5.82,-0.24,1.2
20260901,120054,25.911740881666667,-80.13699306166667,-1.4,0.5,320.7,0.0,43.7,-0.01,-0.05,-0.99,-2.39,Waypoint,27.0,-8.1,90126.0,120018.0,30.16,46381.79,29.96,0.06,0.041,1.0,90.92,5.81,-0.24,1.2
20260901,120055,25.911746316666665,-80.13699693666666,-1.8,0.7,325.8,0.0,43.7,-0.02,-0.04,-1.0,-1.42,Waypoint,33.0,1.7,90126.0,120019.0,30.145,46363.39,29.94,0.06,0.041,1.02,90.67,5.8,-0.24,1.2
20260901,120056,25.91175275333333,-80.137001795,-1.0,0.6,320.4,0.0,43.7,-0.01,-0.04,-0.98,1.57,Waypoint,35.8,-4.5,90126.0,120020.0,30.133,46344.99,29.93,0.06,0.04,1.03,90.43,5.79,-0.24,1.2
20260901,120057,25.911760113333333,-80.13700733833333,-1.0,0.3,320.6,0.0,43.7,-0.0,-0.01,-0.99,-0.06,Waypoint,30.0,-10.9,90126.0,120021.0,30.119,46337.89,29.93,0.06,0.04,1.02,90.13,5.77,-0.24,1.2
20260901,120058,25.911768041666665,-80.13701379166666,-1.6,0.0,326.8,0.0,43.7,0.01,0.0,-1.01,-0.73,Waypoint,33.0,5.8,90126.0,120022.0,30.109,46330.75,29.92,0.06,0.04,1.04,89.84,5.75,-0.23,1.2
20260901,120059,25.911776583333335,-80.13702077,-1.4,-0.3,323.4,0.0,43.7,-0.05,0.01,-0.99,0.29,Waypoint,32.1,-1.9,90126.0,120023.0,30.099,46319.61,29.91,0.06,0.041,1.02,89.51,5.73,-0.23,1.2
20260901,120100,25.911785051666666,-80.13702770666667,-1.8,-0.3,329.4,0.0,43.7,-0.04,-0.02,-1.01,-0.53,Waypoint,33.6,7.6,90126.0,120024.0,30.088,46325.86,29.92,0.06,0.041,1.07,89.24,5.71,-0.22,1.2
20260901,120101,25.91179385,-80.13703494333333,-2.1,-0.2,327.0,0.0,43.7,-0.03,-0.0,-1.02,0.31,Waypoint,33.0,3.4,90126.0,120025.0,30.08,46368.03,29.95,0.06,0.041,1.09,89.01,5.7,-0.22,1.2
20260901,120102,25.911802986666668,-80.13704239,-1.6,-0.3,323.0,0.0,43.7,-0.06,0.03,-1.03,-0.63,Waypoint,33.0,-0.6,90126.0,120026.0,30.081,46448.34,30.01,0.06,0.041,1.11,88.85,5.69,-0.19,1.2
20260901,120103,25.911811925,-80.13704973833333,-1.7,-0.4,330.5,0.0,43.7,-0.04,-0.0,-1.02,0.24,Waypoint,30.2,10.2,90126.0,120027.0,30.086,46516.32,30.06,0.06,0.041,1.11,88.72,5.68,-0.18,1.2
20260901,120104,25.91182175166667,-80.13705757333334,-2.0,-0.1,322.3,0.0,43.7,-0.03,0.01,-0.99,-0.11,Waypoint,33.8,3.0,90126.0,120028.0,30.096,46571.21,30.1,0.06,0.042,1.13,88.64,5.67,-0.17,1.2
20260901,120105,25.911830886666667,-80.13706500833334,-1.8,-0.2,322.8,0.0,43.7,-0.03,0.03,-0.99,-0.85,Waypoint,33.0,1.2,90126.0,120029.0,30.107,46599.88,30.12,0.06,0.042,1.13,88.55,5.66,-0.16,1.2
20260901,120106,25.911839801666666,-80.13707244333334,-1.6,-0.3,324.0,0.0,43.7,-0.04,0.02,-1.0,-0.38,Waypoint,34.0,1.7,90126.0,120030.0,30.112,46604.31,30.12,0.06,0.042,1.11,88.51,5.66,-0.16,1.2
20260901,120107,25.911848601666666,-80.13707990666667,-1.9,-0.2,326.8,0.0,43.7,-0.04,0.03,-1.02,-0.57,Waypoint,32.0,9.9,90126.0,120031.0,30.115,46610.79,30.12,0.06,0.043,1.07,88.42,5.65,-0.16,1.2
20260901,120108,25.911857605,-80.13708763666666,-1.7,-0.2,326.5,0.0,43.8,-0.04,0.02,-0.99,-0.78,Waypoint,32.0,10.8,90126.0,120032.0,30.115,46618.07,30.13,0.06,0.043,1.04,88.38,5.65,-0.16,1.2
20260901,120109,25.911866541666665,-80.13709534833333,-1.8,-0.3,325.6,0.0,43.8,-0.07,-0.03,-0.99,0.58,Waypoint,33.0,3.2,90126.0,120033.0,30.114,46623.53,30.13,0.06,0.043,1.06,88.29,5.65,-0.15,1.2
20260901,120110,25.911875261666665,-80.13710274,-2.1,-0.1,329.5,0.0,43.8,-0.07,0.0,-1.0,-0.33,Waypoint,31.5,10.8,90126.0,120034.0,30.112,46620.5,30.13,0.06,0.043,1.03,88.24,5.64,-0.15,1.2
20260901,120111,25.911884116666666,-80.137110345,-1.8,-0.1,325.6,0.0,43.8,-0.02,-0.04,-0.97,0.01,Waypoint,33.0,8.7,90126.0,120035.0,30.107,46605.92,30.12,0.06,0.043,0.98,88.16,5.64,-0.17,1.2
20260901,120112,25.911893008333333,-80.13711791833333,-1.7,-0.2,325.5,0.0,43.8,-0.05,0.04,-0.96,-0.34,Waypoint,32.6,7.5,90126.0,120036.0,30.098,46594.51,30.11,0.06,0.043,0.97,88.06,5.63,-0.17,1.2
20260901,120113,25.911901703333335,-80.1371254,-2.1,-0.1,329.6,0.0,43.8,-0.02,0.04,-0.99,0.03,Waypoint,31.7,14.1,90126.0,120037.0,30.087,46558.3,30.09,0.06,0.043,0.93,87.91,5.62,-0.17,1.2
20260901,120114,25.91191148,-80.137133705,-1.9,-0.1,325.7,0.0,43.8,-0.03,-0.02,-0.98,0.46,Waypoint,33.0,6.9,90126.0,120039.0,30.067,46514.33,30.06,0.06,0.043,0.91,87.74,5.62,-0.17,1.2
20260901,120115,25.911920368333334,-80.137141285,-1.8,-0.3,325.6,0.0,43.8,-0.04,0.01,-1.01,-0.08,Waypoint,33.0,7.0,90126.0,120039.0,30.055,46478.21,30.03,0.06,0.043,0.9,87.51,5.6,-0.16,1.2
20260901,120116,25.911929148333332,-80.13714875833334,-2.2,-0.3,322.2,0.0,43.8,0.01,0.01,-1.0,-0.78,Waypoint,33.5,1.8,90126.0,120040.0,30.035,46442.35,30.0,0.06,0.043,0.85,87.3,5.59,-0.18,1.2
20260901,120117,25.91193784,-80.13715643666667,-1.9,-0.4,323.0,0.0,43.8,-0.02,0.0,-0.98,-0.13,Waypoint,33.0,3.7,90126.0,120041.0,30.016,46410.42,29.98,0.06,0.043,0.84,87.05,5.58,-0.18,1.2
20260901,120118,25.91194658,-80.13716398333334,-1.9,-0.3,318.8,0.0,43.8,0.0,0.04,-0.99,-0.67,Waypoint,31.0,-5.1,90126.0,120042.0,29.995,46381.86,29.96,0.06,0.043,0.84,86.83,5.57,-0.18,1.2
20260901,120119,25.91195511,-80.13717157833334,-2.3,-0.2,321.9,0.0,43.8,-0.05,0.01,-0.98,-0.76,Waypoint,34.0,5.6,90126.0,120043.0,29.978,46351.42,29.94,0.06,0.043,0.83,86.59,5.55,-0.19,1.2
20260901,120120,25.911963905,-80.137179435,-1.9,-0.3,325.4,0.0,43.8,-0.06,-0.04,-1.01,0.49,Waypoint,32.0,8.9,90126.0,120045.0,29.958,46325.43,29.92,0.06,0.043,0.79,86.41,5.54,-0.19,1.2
20260901,120121,25.911972668333334,-80.13718719833334,-1.7,-0.3,324.0,0.0,43.8,-0.02,-0.04,-0.97,0.34,Waypoint,34.0,4.9,90126.0,120046.0,29.947,46302.34,29.91,0.06,0.043,0.77,86.21,5.53,-0.19,1.2
20260901,120122,25.91198129,-80.13719496166667,-2.2,-0.2,326.7,0.0,43.8,-0.05,0.01,-1.03,0.07,Waypoint,32.0,10.8,90126.0,120047.0,29.934,46273.6,29.89,0.06,0.043,0.75,86.05,5.53,-0.19,1.2
20260901,120123,25.911989945,-80.13720272833334,-2.2,-0.1,322.7,0.0,43.8,-0.08,-0.01,-0.98,-0.43,Waypoint,34.0,8.4,90126.0,120048.0,29.924,46252.84,29.87,0.06,0.043,0.73,85.86,5.51,-0.2,1.2
20260901,120124,25.911999421666668,-80.137211345,-2.0,-0.4,324.1,0.0,43.8,-0.03,0.01,-1.03,0.73,Waypoint,33.0,3.5,90126.0,120049.0,29.916,46243.92,29.87,0.06,0.043,0.76,85.71,5.51,-0.2,1.2
20260901,120125,25.912007838333334,-80.13721881,-2.3,-0.3,321.5,0.0,43.8,-0.05,0.05,-0.99,-0.2,Waypoint,32.9,3.1,90126.0,120050.0,29.905,46247.8,29.87,0.06,0.043,0.76,85.55,5.5,-0.19,1.2
20260901,120126,25.912016408333333,-80.13722646666666,-2.3,-0.2,323.6,0.0,43.8,-0.02,-0.0,-1.01,-0.59,Waypoint,34.0,8.9,90126.0,120051.0,29.9,46255.32,29.87,0.06,0.043,0.73,85.42,5.49,-0.18,1.2
20260901,120127,25.912025033333332,-80.13723418,-1.9,-0.3,323.4,0.0,43.8,-0.05,0.02,-1.0,0.54,Waypoint,34.0,6.0,90126.0,120052.0,29.892,46237.67,29.86,0.06,0.043,0.75,85.29,5.48,-0.19,1.2
20260901,120128,25.912033475,-80.137241855,-2.3,-0.2,327.3,0.0,43.8,-0.03,-0.0,-0.99,0.4,Waypoint,31.0,12.4,90126.0,120053.0,29.887,46208.56,29.84,0.06,0.044,0.74,85.19,5.48,-0.18,1.2
20260901,120129,25.912042091666667,-80.13724970333334,-2.5,-0.1,319.4,0.0,43.8,-0.07,-0.0,-1.0,-0.54,Waypoint,34.0,1.7,90126.0,120054.0,29.882,46192.95,29.83,0.06,0.044,0.71,85.11,5.47,-0.19,1.2
20260901,120130,25.912050791666665,-80.13725762833333,-2.0,-0.4,327.1,0.0,43.8,-0.05,0.01,-1.0,0.95,Waypoint,32.1,9.7,90126.0,120055.0,29.88,46184.16,29.82,0.06,0.044,0.72,85.06,5.47,-0.19,1.2
20260901,120131,25.9120593,-80.13726520666667,-2.2,-0.2,322.8,0.0,43.8,-0.05,0.02,-0.98,-1.06,Waypoint,34.0,0.9,90126.0,120056.0,29.878,46200.23,29.83,0.06,0.044,0.76,85.02,5.47,-0.19,1.2
20260901,120132,25.912067578333332,-80.13727286333334,-2.3,-0.5,327.8,0.0,43.8,-0.03,0.05,-1.0,0.08,Waypoint,31.0,15.5,90126.0,120057.0,29.88,46222.23,29.85,0.06,0.045,0.77,84.98,5.46,-0.19,1.2
20260901,120133,25.912076136666666,-80.13728060666666,-2.1,-0.5,325.5,0.0,43.8,-0.01,0.01,-0.97,0.15,Waypoint,32.0,6.5,90126.0,120058.0,29.881,46231.61,29.86,0.06,0.045,0.82,84.93,5.46,-0.19,1.2
20260901,120134,25.91208541,-80.13728903833334,-2.2,-0.4,320.3,0.0,43.8,-0.03,-0.0,-1.03,-0.52,Waypoint,33.2,0.2,90126.0,120059.0,29.883,46238.36,29.86,0.07,0.045,0.86,84.89,5.46,-0.19,1.2
20260901,120135,25.912093863333332,-80.13729677833334,-2.3,-0.3,323.2,0.0,43.8,-0.03,0.01,-1.02,-0.91,Waypoint,34.0,5.5,90126.0,120100.0,29.885,46248.36,29.87,0.07,0.045,0.87,84.85,5.45,-0.19,1.2
20260901,120136,25.912102448333332,-80.13730469333333,-2.0,-0.4,322.9,0.0,43.8,-0.04,0.04,-0.98,-0.35,Waypoint,34.0,5.8,90126.0,120101.0,29.887,46263.48,29.88,0.07,0.045,0.84,84.82,5.45,-0.2,1.2
20260901,120137,25.912111065,-80.13731259833334,-2.1,-0.5,326.6,0.0,43.8,-0.05,0.01,-0.98,0.57,Waypoint,31.1,12.1,90126.0,120102.0,29.889,46281.48,29.89,0.07,0.045,0.9,84.8,5.45,-0.19,1.2
20260901,120138,25.912119568333335,-80.13732031,-2.2,-0.2,323.1,0.0,43.8,-0.03,-0.03,-0.99,-0.14,Waypoint,33.0,4.9,90126.0,120103.0,29.892,46289.68,29.9,0.07,0.045,0.92,84.79,5.45,-0.17,1.2
20260901,120139,25.912128135,-80.137328225,-2.2,-0.5,318.5,0.0,43.8,-0.06,-0.01,-1.03,0.44,Waypoint,33.3,-0.8,90126.0,120104.0,29.895,46303.69,29.91,0.07,0.045,0.96,84.77,5.45,-0.17,1.2
20260901,120140,25.912136566666668,-80.13733594166666,-2.2,-0.3,327.6,0.0,43.8,-0.04,-0.02,-1.0,-0.75,Waypoint,31.5,15.8,90126.0,120105.0,29.898,46348.43,29.94,0.07,0.045,0.99,84.78,5.45,-0.16,1.2
20260901,120141,25.912144935,-80.13734367166667,-2.5,-0.4,326.9,0.0,43.8,-0.03,-0.01,-1.0,0.03,Waypoint,32.0,12.2,90126.0,120106.0,29.904,46382.8,29.97,0.07,0.045,1.01,84.79,5.45,-0.17,1.2
20260901,120142,25.912153291666666,-80.13735137333333,-2.2,-0.4,328.3,0.0,43.8,-0.04,-0.05,-1.03,0.23,Waypoint,31.0,13.8,90126.0,120107.0,29.907,46398.79,29.98,0.07,0.045,1.0,84.8,5.45,-0.17,1.2
20260901,120143,25.912161806666667,-80.13735917166667,-2.0,-0.3,321.9,0.0,43.8,-0.05,0.01,-0.99,0.34,Waypoint,33.0,1.2,90126.0,120108.0,29.91,46411.26,29.99,0.06,0.045,1.03,84.79,5.44,-0.17,1.2
20260901,120144,25.912171181666668,-80.13736779666667,-2.1,-0.5,329.7,0.0,43.8,-0.04,-0.03,-1.03,-0.23,Waypoint,33.2,11.0,90126.0,120109.0,29.911,46421.35,29.99,0.06,0.045,1.0,84.78,5.44,-0.16,1.2
20260901,120145,25.91217974,-80.13737569333334,-2.3,-0.5,322.9,0.0,43.8,0.0,0.03,-0.99,-0.1,Waypoint,34.0,4.7,90126.0,120110.0,29.912,46436.72,30.0,0.06,0.045,0.96,84.76,5.44,-0.17,1.2
20260901,120146,25.91218839,-80.13738358166667,-2.2,-0.6,322.9,0.0,43.8,-0.03,0.04,-0.97,0.26,Waypoint,34.0,3.4,90126.0,120111.0,29.914,46462.95,30.02,0.06,0.045,0.98,84.75,5.44,-0.17,1.2
20260901,120147,25.912196895,-80.13739138833333,-2.2,-0.5,327.7,0.0,43.8,-0.04,0.05,-1.01,0.1,Waypoint,33.0,10.3,90126.0,120112.0,29.916,46514.74,30.06,0.06,0.045,1.02,84.72,5.44,-0.16,1.2
20260901,120148,25.912205313333335,-80.13739914666667,-2.4,-0.2,322.9,0.0,43.8,-0.03,0.03,-1.04,-0.45,Waypoint,34.0,6.6,90126.0,120113.0,29.918,46570.34,30.1,0.06,0.045,1.0,84.68,5.43,-0.16,1.2
20260901,120149,25.912213815,-80.13740709666666,-2.1,-0.5,331.2,0.0,43.8,-0.04,-0.0,-1.02,1.17,Waypoint,29.0,17.0,90126.0,120114.0,29.921,46629.03,30.14,0.06,0.045,0.95,84.6,5.43,-0.16,1.2
20260901,120150,25.91222236833333,-80.137414915,-1.9,-0.4,322.5,0.0,43.8,-0.03,0.04,-1.0,-0.16,Waypoint,34.0,4.1,90126.0,120115.0,29.924,46658.09,30.16,0.07,0.045,0.93,84.5,5.42,-0.16,1.2
20260901,120151,25.912230898333334,-80.137422825,-2.1,-0.4,326.8,0.0,43.8,-0.04,0.02,-1.01,0.39,Waypoint,32.0,11.0,90126.0,120116.0,29.927,46686.11,30.18,0.07,0.045,0.93,84.37,5.41,-0.14,1.2
20260901,120152,25.912239561666667,-80.13743063,-2.0,-0.4,325.9,0.0,43.8,-0.04,-0.0,-0.97,0.26,Waypoint,33.0,9.2,90126.0,120117.0,29.931,46721.2,30.21,0.07,0.045,0.92,84.26,5.4,-0.15,1.2
20260901,120154,25.912248231666666,-80.13743841333333,-2.2,-0.4,323.4,0.0,43.8,-0.04,-0.02,-0.99,-0.18,Waypoint,34.0,5.4,90126.0,120118.0,29.934,46748.02,30.23,0.07,0.045,0.92,84.11,5.39,-0.15,1.2
20260901,120154,25.912257671666666,-80.137447,-2.2,-0.4,326.8,0.0,43.8,-0.03,0.01,-1.0,0.38,Waypoint,32.0,11.5,90126.0,120119.0,29.937,46759.32,30.24,0.07,0.045,0.93,83.94,5.38,-0.15,1.2
20260901,120155,25.91226629333333,-80.13745473666667,-2.1,-0.4,326.9,0.0,43.8,0.01,0.01,-1.02,0.13,Waypoint,32.1,11.2,90126.0,120120.0,29.94,46788.94,30.26,0.07,0.045,0.92,83.75,5.37,-0.16,1.2
20260901,120156,25.91227496833333,-80.13746236166666,-2.1,-0.4,321.8,0.0,43.8,-0.07,0.07,-0.99,-0.18,Waypoint,32.7,2.3,90126.0,120121.0,29.945,46830.29,30.29,0.07,0.045,0.96,83.59,5.36,-0.16,1.2
20260901,120157,25.912283605,-80.13746999833333,-2.3,-0.4,324.6,0.0,43.8,-0.01,0.01,-1.0,-0.09,Waypoint,34.0,8.8,90126.0,120122.0,29.95,46866.71,30.31,0.07,0.045,0.95,83.43,5.34,-0.16,1.2
20260901,120159,25.912292278333332,-80.13747755,-2.2,-0.4,324.7,0.0,43.8,-0.05,-0.03,-1.04,0.04,Waypoint,34.0,7.0,90126.0,120123.0,29.956,46897.68,30.34,0.07,0.045,0.95,83.29,5.33,-0.15,1.2
20260901,120200,25.912300925,-80.137485235,-2.0,-0.4,326.3,0.0,43.8,-0.02,-0.0,-0.98,-0.19,Waypoint,33.0,12.4,90126.0,120124.0,29.96,46901.77,30.34,0.07,0.045,0.91,83.14,5.32,-0.15,1.2
20260901,120201,25.912309636666667,-80.13749298666667,-2.2,-0.3,326.6,0.0,43.8,-0.02,-0.01,-1.02,0.54,Waypoint,33.0,11.3,90126.0,120125.0,29.964,46886.66,30.33,0.07,0.045,0.95,83.02,5.32,-0.14,1.2
20260901,120202,25.912318468333332,-80.13750073833333,-2.2,-0.4,322.7,0.0,43.8,-0.05,-0.01,-1.03,0.59,Waypoint,33.7,1.9,90126.0,120126.0,29.967,46865.28,30.31,0.07,0.045,0.96,82.93,5.31,-0.14,1.2
20260901,120203,25.912327233333333,-80.137508295,-2.2,-0.6,325.7,0.0,43.8,-0.03,0.04,-1.03,0.42,Waypoint,34.0,5.7,90126.0,120127.0,29.971,46857.0,30.31,0.07,0.045,0.95,82.91,5.31,-0.14,1.2
20260901,120204,25.912335981666665,-80.13751579166667,-2.2,-0.4,321.8,0.0,43.9,-0.04,0.02,-0.99,-0.64,Waypoint,32.0,0.5,90126.0,120128.0,29.974,46851.24,30.3,0.07,0.045,0.95,82.92,5.31,-0.15,1.2
20260901,120205,25.912345546666668,-80.13752412,-2.0,-0.5,326.1,0.0,43.9,-0.03,-0.01,-0.96,-0.01,Waypoint,34.0,9.9,90126.0,120129.0,29.976,46819.79,30.28,0.07,0.045,0.95,82.95,5.31,-0.15,1.2
20260901,120206,25.912354298333334,-80.13753172,-2.0,-0.5,323.3,0.0,43.8,-0.05,0.03,-0.98,-0.19,Waypoint,33.0,2.3,90126.0,120130.0,29.975,46784.4,30.25,0.07,0.046,0.95,83.0,5.32,-0.16,1.2
20260901,120207,25.912363046666666,-80.13753928333334,-2.5,-0.4,321.2,0.0,43.9,-0.04,-0.01,-0.99,-0.8,Waypoint,32.0,2.7,90126.0,120131.0,29.975,46758.66,30.24,0.07,0.045,0.97,83.09,5.32,-0.16,1.2
20260901,120208,25.912371898333333,-80.13754697166667,-2.4,-0.5,325.0,0.0,43.9,-0.01,0.04,-1.02,-0.21,Waypoint,34.0,6.7,90126.0,120132.0,29.976,46748.74,30.23,0.07,0.045,0.95,83.23,5.33,-0.16,1.2
20260901,120209,25.912380756666668,-80.13755461166667,-1.9,-0.6,325.2,0.0,43.9,-0.0,0.04,-0.98,0.3,Waypoint,34.0,5.7,90126.0,120133.0,29.978,46724.08,30.21,0.07,0.045,0.89,83.41,5.34,-0.17,1.2
20260901,120210,25.912389556666668,-80.13756218833333,-2.4,-0.5,324.9,0.0,43.9,-0.05,0.0,-1.0,-0.26,Waypoint,34.0,4.9,90126.0,120134.0,29.979,46700.13,30.19,0.07,0.045,0.87,83.52,5.35,-0.18,1.2
20260901,120211,25.912398658333334,-80.13757003333333,-2.4,-0.6,329.4,0.0,43.9,-0.03,-0.01,-1.02,-0.06,Waypoint,31.0,11.9,90126.0,120135.0,29.98,46674.49,30.17,0.07,0.045,0.89,83.63,5.36,-0.19,1.2
20260901,120212,25.912407606666665,-80.13757765833333,-1.9,-0.7,327.1,0.0,43.9,-0.04,0.04,-1.01,0.36,Waypoint,33.0,8.1,90126.0,120136.0,29.979,46638.49,30.15,0.07,0.045,0.89,83.73,5.36,-0.2,1.2
20260901,120213,25.912416398333335,-80.13758517333333,-2.3,-0.5,324.7,0.0,43.9,-0.01,0.01,-1.01,-0.08,Waypoint,34.0,3.4,90126.0,120137.0,29.975,46593.49,30.12,0.07,0.045,0.88,83.79,5.37,-0.22,1.2
20260901,120214,25.91242543,-80.137592845,-2.2,-0.3,322.2,0.0,43.9,-0.05,0.01,-1.01,-0.81,Waypoint,32.0,2.6,90126.0,120138.0,29.967,46573.02,30.1,0.07,0.045,0.92,83.84,5.37,-0.24,1.2
20260901,120215,25.91243529,-80.137601455,-2.0,-0.4,322.9,0.0,43.9,-0.04,0.06,-1.01,0.01,Waypoint,33.0,3.4,90126.0,120139.0,29.96,46551.08,30.09,0.07,0.046,0.95,83.86,5.38,-0.22,1.2
20260901,120216,25.912444068333333,-80.13760912166667,-2.3,-0.4,328.4,0.0,43.9,-0.03,-0.02,-1.02,0.16,Waypoint,32.0,10.6,90126.0,120140.0,29.952,46532.4,30.07,0.07,0.045,0.95,83.84,5.38,-0.22,1.2
20260901,120217,25.912453003333333,-80.13761695666666,-2.1,-0.4,324.9,0.0,43.9,-0.0,-0.03,-0.97,-0.01,Waypoint,34.0,4.3,90126.0,120141.0,29.944,46515.36,30.06,0.07,0.045,0.95,83.8,5.38,-0.22,1.2
20260901,120218,25.91246203,-80.13762487666666,-2.0,-0.4,324.6,0.0,43.9,-0.04,0.01,-0.97,0.0,Waypoint,33.2,9.1,90126.0,120142.0,29.935,46503.46,30.05,0.07,0.046,0.92,83.73,5.37,-0.23,1.2
20260901,120219,25.912470828333333,-80.13763272333334,-2.2,-0.3,322.7,0.0,43.9,-0.05,0.0,-0.98,0.14,Waypoint,32.0,1.7,90126.0,120143.0,29.926,46500.6,30.05,0.07,0.046,0.9,83.63,5.37,-0.24,1.2
20260901,120220,25.91247963,-80.13764055166666,-2.1,-0.5,329.0,0.0,43.9,-0.03,0.03,-0.98,0.65,Waypoint,32.0,10.8,90126.0,120144.0,29.918,46495.25,30.05,0.07,0.045,0.9,83.49,5.36,-0.25,1.2
20260901,120221,25.912488573333334,-80.13764828833334,-2.1,-0.6,327.6,0.0,43.9,-0.05,-0.04,-0.98,0.32,Waypoint,33.0,9.8,90126.0,120145.0,29.909,46494.06,30.05,0.07,0.046,0.96,83.35,5.35,-0.25,1.2
20260901,120222,25.912497508333335,-80.1376559,-2.3,-0.4,324.6,0.0,43.9,-0.03,0.04,-1.02,-0.26,Waypoint,33.1,1.9,90126.0,120146.0,29.899,46517.71,30.06,0.07,0.046,0.94,83.16,5.34,-0.24,1.2
20260901,120223,25.912506546666666,-80.13766356166667,-2.1,-0.4,327.9,0.0,43.9,-0.03,-0.0,-0.99,0.45,Waypoint,34.0,2.1,90126.0,120147.0,29.89,46531.76,30.07,0.07,0.046,0.95,82.98,5.33,-0.23,1.2
20260901,120224,25.912515451666668,-80.13767106,-2.0,-0.5,318.2,0.0,43.9,-0.01,0.04,-1.02,-0.78,Waypoint,32.7,-4.9,90126.0,120148.0,29.883,46522.42,30.07,0.07,0.045,0.93,82.78,5.32,-0.23,1.2
20260901,120225,25.912525163333335,-80.13767925166667,-2.3,-0.4,322.4,0.0,43.9,-0.05,0.01,-0.96,-1.19,Waypoint,31.6,-1.7,90126.0,120149.0,29.878,46523.15,30.07,0.07,0.045,0.89,82.64,5.31,-0.23,1.2
20260901,120226,25.912533916666668,-80.13768690666667,-1.9,-0.6,323.8,0.0,43.9,-0.03,-0.0,-1.04,-0.31,Waypoint,33.0,2.9,90126.0,120150.0,29.877,46548.3,30.09,0.07,0.046,0.86,82.48,5.3,-0.24,1.2
20260901,120227,25.912542723333335,-80.137694575,-1.8,-0.5,330.0,0.0,43.9,-0.03,0.06,-1.0,0.14,Waypoint,32.7,6.1,90126.0,120151.0,29.878,46550.6,30.09,0.07,0.046,0.84,82.39,5.29,-0.22,1.2
20260901,120228,25.912551538333332,-80.13770229166667,-2.1,-0.6,331.2,0.0,43.9,-0.02,0.02,-0.98,0.84,Waypoint,31.0,16.4,90126.0,120153.0,29.877,46552.48,30.09,0.07,0.045,0.84,82.22,5.28,-0.21,1.2
20260901,120229,25.912560558333332,-80.13771010166667,-2.1,-0.4,326.3,0.0,43.9,-0.03,0.05,-0.97,-0.24,Waypoint,34.0,3.8,90126.0,120153.0,29.877,46550.78,30.09,0.07,0.045,0.84,82.22,5.28,-0.21,1.2
20260901,120230,25.912569496666666,-80.137717815,-1.9,-0.5,326.8,0.0,43.9,-0.04,0.0,-1.03,-0.05,Waypoint,34.0,7.7,90126.0,120154.0,29.877,46546.52,30.09,0.07,0.045,0.83,82.15,5.27,-0.23,1.2
20260901,120231,25.912578366666665,-80.13772549333333,-2.1,-0.5,324.2,0.0,43.9,-0.05,-0.02,-1.02,0.09,Waypoint,33.0,2.3,90126.0,120155.0,29.879,46568.15,30.1,0.07,0.045,0.83,82.1,5.27,-0.23,1.2
20260901,120232,25.912587365,-80.137733285,-2.2,-0.5,327.0,0.0,43.9,-0.06,0.02,-0.99,-0.79,Waypoint,31.2,8.5,90126.0,120156.0,29.882,46580.51,30.11,0.07,0.045,0.79,82.04,5.27,-0.23,1.2
